date,open,high,low,close,volume
2020-01-01,1512.0,1523.949951171875,1480.800048828125,1484.300048828125,2135253
2020-01-02,1491.75,1534.300048828125,1486.0999755859375,1529.0,2365906
2020-01-03,1524.0,1538.0,1512.0999755859375,1528.8499755859375,2622870
2020-01-06,1515.050048828125,1517.75,1465.449951171875,1469.4000244140625,3151046
2020-01-07,1488.449951171875,1508.0,1442.199951171875,1461.6500244140625,3572603
2020-01-08,1441.0,1481.5999755859375,1439.050048828125,1458.5999755859375,3363919
2020-01-09,1490.0,1515.949951171875,1483.199951171875,1507.6500244140625,3496433
2020-01-10,1510.8499755859375,1521.6500244140625,1484.199951171875,1491.25,3189536
2020-01-13,1499.800048828125,1547.0,1487.3499755859375,1539.6500244140625,3732412
2020-01-14,1546.0,1585.0,1470.25,1481.6500244140625,15123110
2020-01-15,1463.4000244140625,1463.4000244140625,1391.3499755859375,1400.5,13995235
2020-01-16,1405.0,1415.0,1377.0999755859375,1386.449951171875,10544088
2020-01-17,1350.0,1377.0,1317.050048828125,1352.25,10020063
2020-01-20,1367.9000244140625,1367.9000244140625,1323.0,1331.949951171875,6047237
2020-01-21,1332.0,1350.0,1320.0,1336.3499755859375,4501887
2020-01-22,1346.3499755859375,1348.0,1323.0,1327.4000244140625,3038713
2020-01-23,1330.0,1339.800048828125,1320.0999755859375,1331.800048828125,4358219
2020-01-24,1334.0,1345.0,1307.6500244140625,1316.0999755859375,4563516
2020-01-27,1311.5,1312.0,1265.0,1271.199951171875,6019701
2020-01-28,1281.0,1284.9000244140625,1240.25,1254.75,6103759
2020-01-29,1268.9000244140625,1276.699951171875,1251.0,1258.25,3977924
2020-01-30,1252.0,1254.0,1221.550048828125,1231.5,5301706
2020-01-31,1245.0,1271.5999755859375,1242.0999755859375,1258.8499755859375,8391172
2020-02-03,1222.0,1268.449951171875,1216.050048828125,1263.0999755859375,7697534
2020-02-04,1273.0,1284.0,1256.25,1272.6500244140625,4632688
2020-02-05,1280.0,1288.6500244140625,1265.199951171875,1272.800048828125,4360609
2020-02-06,1280.0,1339.4000244140625,1262.4000244140625,1334.25,7628363
2020-02-07,1345.0,1346.050048828125,1294.75,1298.800048828125,3850541
2020-02-10,1304.0,1304.0,1268.5,1274.949951171875,3955195
2020-02-11,1290.0,1309.9000244140625,1285.050048828125,1292.6500244140625,3456066
2020-02-12,1260.0,1302.9000244140625,1251.699951171875,1277.4000244140625,8957173
2020-02-13,1281.75,1281.75,1225.25,1230.75,6508945
2020-02-14,1233.9000244140625,1241.0999755859375,1171.199951171875,1176.0,11532869
2020-02-17,1176.0,1209.0,1164.5,1172.949951171875,9900428
2020-02-18,1172.699951171875,1172.699951171875,1108.449951171875,1140.699951171875,11207411
2020-02-19,1155.0,1168.0,1116.0,1142.1500244140625,14324736
2020-02-20,1145.050048828125,1203.8499755859375,1145.050048828125,1182.199951171875,15703698
2020-02-24,1170.0,1189.5,1146.550048828125,1170.25,7179792
2020-02-25,1181.0,1182.800048828125,1138.800048828125,1153.8499755859375,6114855
2020-02-26,1145.0,1150.0,1125.199951171875,1135.0,5870515
2020-02-27,1139.0,1139.4000244140625,1101.0,1115.550048828125,6835782
2020-02-28,1100.0,1118.0,1085.050048828125,1104.050048828125,10233947
2020-03-02,1130.0,1136.949951171875,1070.050048828125,1079.25,5724823
2020-03-03,1085.0,1117.949951171875,1073.0,1108.050048828125,5233056
2020-03-04,1114.449951171875,1114.449951171875,1051.0,1065.949951171875,6863681
2020-03-05,1075.0,1094.949951171875,1063.0,1075.0,6815347
2020-03-06,998.0,1030.949951171875,913.7999877929688,1014.7999877929688,16835425
2020-03-09,950.0,969.9500122070312,887.0499877929688,903.0999755859375,14498980
2020-03-11,889.9000244140625,929.0,845.0,853.5499877929688,12305857
2020-03-12,775.2000122070312,831.9500122070312,770.0,784.6500244140625,16135734
2020-03-13,724.0,834.7000122070312,551.0999755859375,803.75,21139779
2020-03-16,747.0,758.7000122070312,655.0,664.1500244140625,16613929
2020-03-17,670.0,707.4500122070312,585.4000244140625,604.1500244140625,19508083
2020-03-18,629.0,638.8499755859375,374.79998779296875,460.79998779296875,74866076
2020-03-19,414.75,472.0,391.75,444.04998779296875,29186013
2020-03-20,444.04998779296875,478.8999938964844,405.25,440.3500061035156,28086017
2020-03-23,396.3500061035156,405.0,330.1000061035156,336.45001220703125,9515210
2020-03-24,355.04998779296875,360.0,235.5500030517578,312.3500061035156,37275347
2020-03-25,292.0,324.0,281.1499938964844,301.29998779296875,40292991
2020-03-26,316.3500061035156,451.95001220703125,311.6499938964844,435.8999938964844,42326717
2020-03-27,479.45001220703125,538.5499877929688,392.3500061035156,411.1000061035156,43890479
2020-03-30,370.0,427.70001220703125,370.0,413.3999938964844,29380383
2020-03-31,398.0,399.0,330.75,351.29998779296875,38989984
2020-04-01,386.3999938964844,390.0,320.0,342.25,33427621
2020-04-03,350.0,350.0,310.20001220703125,313.20001220703125,23013838
2020-04-07,344.5,391.5,344.5,383.8500061035156,45710645
2020-04-08,382.0,441.3999938964844,362.0,399.1499938964844,56093585
2020-04-09,425.0,425.0,384.0,395.3999938964844,32940091
2020-04-13,388.0,421.79998779296875,371.25,410.3999938964844,31201235
2020-04-15,425.0,445.0,414.04998779296875,424.1000061035156,28311987
2020-04-16,424.1000061035156,442.0,413.25,435.3999938964844,23556832
2020-04-17,472.0,478.8999938964844,442.6000061035156,474.45001220703125,26188305
2020-04-20,479.5,481.0,453.0,456.70001220703125,16950369
2020-04-21,430.0,432.95001220703125,396.0,400.8500061035156,29550439
2020-04-22,397.0,420.5,384.6000061035156,415.8999938964844,28908719
2020-04-23,420.0,427.5,407.0,409.95001220703125,18750968
2020-04-24,392.25,399.8999938964844,380.0,382.8999938964844,19653294
2020-04-27,394.20001220703125,410.8500061035156,387.0,407.3999938964844,26819351
2020-04-28,445.0,484.3999938964844,430.0,468.04998779296875,60610249
2020-04-29,453.5,489.0,443.0,471.1000061035156,47307868
2020-04-30,486.25,491.8500061035156,461.6000061035156,468.1499938964844,26654890
2020-05-04,444.0,444.04998779296875,416.0,423.04998779296875,17565171
2020-05-05,433.0,438.8999938964844,415.95001220703125,418.70001220703125,18470026
2020-05-06,420.0,429.3500061035156,408.5,425.5,17184968
2020-05-07,420.0,461.5,415.5,454.3500061035156,26784490
2020-05-08,463.0,477.70001220703125,435.45001220703125,440.3500061035156,29096376
2020-05-11,450.0,458.75,428.79998779296875,433.3999938964844,18434346
2020-05-12,429.79998779296875,450.0,425.0,446.20001220703125,26126553
2020-05-13,475.0,480.0,444.5,448.6000061035156,20820446
2020-05-14,439.0,442.0,425.0,428.0,16520436
2020-05-15,430.3999938964844,431.0,417.1000061035156,418.70001220703125,14848712
2020-05-18,418.5,418.70001220703125,374.04998779296875,376.75,25374856
2020-05-19,385.1000061035156,387.0,361.0,367.79998779296875,28794743
2020-05-20,364.0,370.8500061035156,350.79998779296875,357.29998779296875,29736164
2020-05-21,362.29998779296875,364.0,343.20001220703125,346.79998779296875,25554090
2020-05-22,342.0,353.70001220703125,330.0,338.3500061035156,27953815
2020-05-26,344.8999938964844,353.95001220703125,342.0,348.20001220703125,19932807
2020-05-27,350.8999938964844,375.45001220703125,347.6499938964844,368.95001220703125,34413192
2020-05-28,375.0,405.79998779296875,371.6000061035156,386.8500061035156,47047469
2020-05-29,376.0,400.0,373.5,393.6499938964844,33013516
2020-06-01,402.29998779296875,416.79998779296875,401.04998779296875,410.1000061035156,22990598
2020-06-02,414.0,438.8999938964844,404.25,434.70001220703125,28744172
2020-06-03,445.0,452.25,426.1000061035156,432.3500061035156,27908796
2020-06-04,424.8500061035156,434.8500061035156,405.0,415.04998779296875,25795376
2020-06-05,417.20001220703125,427.29998779296875,411.20001220703125,422.3500061035156,26349793
2020-06-08,455.0,463.70001220703125,444.0,451.6000061035156,42805660
2020-06-09,459.95001220703125,478.0,452.3500061035156,463.8999938964844,40690351
2020-06-10,464.0,510.25,463.1499938964844,499.6000061035156,42547635
2020-06-11,510.25,548.5,505.1000061035156,523.1500244140625,78669422
2020-06-12,490.0,534.7000122070312,483.29998779296875,528.4500122070312,57429819
2020-06-15,525.0,525.0,483.5,490.54998779296875,45035607
2020-06-16,510.0,515.0,456.29998779296875,481.79998779296875,50389388
2020-06-17,472.6000061035156,502.0,468.0,491.1499938964844,40940232
2020-06-18,489.5,502.95001220703125,482.1499938964844,499.20001220703125,25255403
2020-06-19,503.0,510.5,472.1499938964844,483.6499938964844,41823242
2020-06-22,490.04998779296875,502.04998779296875,485.8500061035156,489.8999938964844,27934720
2020-06-23,499.0,524.0,497.20001220703125,520.4000244140625,45717057
2020-06-24,530.0,530.4500122070312,476.1000061035156,481.70001220703125,43255370
2020-06-25,480.0,490.95001220703125,461.0,475.1499938964844,37360999
2020-06-26,483.0,501.0,481.04998779296875,492.54998779296875,33898936
2020-06-29,482.0,487.0,472.5,480.0,19597701
2020-06-30,489.0,494.0,472.0,474.79998779296875,17436951
2020-07-01,480.5,494.6000061035156,475.1499938964844,492.45001220703125,20509324
2020-07-02,498.0,508.0,493.0,494.79998779296875,22971526
2020-07-03,499.8500061035156,500.0,484.3500061035156,487.20001220703125,15633495
2020-07-06,498.0,509.0,493.54998779296875,495.8999938964844,24848329
2020-07-07,497.0,530.0,492.45001220703125,526.2999877929688,42696302
2020-07-08,534.0,577.5,532.0,552.5999755859375,81334991
2020-07-09,557.9500122070312,569.9500122070312,550.2999877929688,556.5499877929688,26574065
2020-07-10,552.2999877929688,554.4500122070312,532.4000244140625,539.25,26964951
2020-07-13,549.7000122070312,555.0,534.5,539.6500244140625,16507937
2020-07-14,535.0,535.0,505.04998779296875,510.79998779296875,22219927
2020-07-15,517.8499755859375,527.7999877929688,500.0,503.54998779296875,21841548
2020-07-16,508.0,522.0,490.25,518.5999755859375,21502321
2020-07-17,522.2999877929688,526.5,512.0,520.7999877929688,14445406
2020-07-20,524.9500122070312,541.6500244140625,521.6500244140625,528.75,19937276
2020-07-21,535.7000122070312,539.75,520.7000122070312,523.5,13311222
2020-07-22,528.0,528.5499877929688,508.0,513.5499877929688,15202237
2020-07-23,515.5,521.0,510.1000061035156,513.9000244140625,11300182
2020-07-24,505.79998779296875,536.7000122070312,500.0,522.25,31277822
2020-07-27,522.5499877929688,523.8499755859375,505.0,506.6499938964844,12280255
2020-07-28,512.0,529.0,511.3999938964844,526.9500122070312,16991267
2020-07-29,534.0,564.75,532.25,550.5,37044099
2020-07-30,545.0,545.9500122070312,515.5,519.8499755859375,13848662
2020-07-31,525.2000122070312,528.5,515.75,523.75,11161107
2020-08-03,521.9500122070312,521.9500122070312,501.0,503.04998779296875,13508456
2020-08-04,508.0,508.0,483.25,492.6000061035156,21481518
2020-08-05,499.20001220703125,506.0,490.1499938964844,492.75,15082924
2020-08-06,497.79998779296875,501.95001220703125,485.75,494.8999938964844,16624606
2020-08-07,496.0,513.3499755859375,492.0,509.0,16540870
2020-08-10,512.0,517.5499877929688,506.54998779296875,509.3500061035156,9409531
2020-08-11,511.0,524.9000244140625,509.3500061035156,522.0,11701319
2020-08-12,518.5,530.4500122070312,512.3499755859375,520.6500244140625,12644367
2020-08-13,524.0,527.5499877929688,516.3499755859375,518.75,8109014
2020-08-14,520.0,523.5,500.1499938964844,507.20001220703125,9318623
2020-08-17,510.0,514.7999877929688,502.5,513.1500244140625,7173558
2020-08-18,512.4500122070312,524.75,506.5,521.5999755859375,10993530
2020-08-19,523.0,530.0,519.1500244140625,522.1500244140625,10895768
2020-08-20,515.5999755859375,520.5499877929688,511.1000061035156,513.4000244140625,7658596
2020-08-21,520.0,521.4000244140625,512.5,513.5499877929688,6411009
2020-08-24,518.0,535.4500122070312,516.0,529.1500244140625,14887687
2020-08-25,535.0,546.4000244140625,530.2000122070312,536.5,18377629
2020-08-26,541.4500122070312,572.2000122070312,538.4500122070312,567.6500244140625,26850404
2020-08-27,572.4000244140625,619.75,572.0,605.8499755859375,48561125
2020-08-28,600.0,689.0,595.5,665.6500244140625,55986681
2020-08-31,705.0,712.0,620.75,630.2000122070312,57316603
2020-09-01,638.0999755859375,662.5,588.7000122070312,627.4500122070312,47295290
2020-09-02,632.0,651.0999755859375,614.0999755859375,640.5499877929688,19765424
2020-09-03,644.0,648.25,625.0,631.8499755859375,14985734
2020-09-04,611.0499877929688,642.0,603.5499877929688,616.1500244140625,21613014
2020-09-07,621.5,624.9500122070312,597.5499877929688,608.7000122070312,13889593
2020-09-08,609.0,612.9000244140625,599.0,600.4000244140625,13303702
2020-09-09,590.0,609.7000122070312,588.6500244140625,604.5999755859375,17123149
2020-09-10,614.0,627.7999877929688,610.0,620.4500122070312,15925284
2020-09-11,618.0,622.4000244140625,603.25,610.3499755859375,11346718
2020-09-14,617.0999755859375,620.0,603.8499755859375,609.3499755859375,9287409
2020-09-15,609.3499755859375,639.0,601.2000122070312,633.4000244140625,13446734
2020-09-16,641.0,641.0,613.6500244140625,621.6500244140625,17940987
2020-09-17,614.75,624.7999877929688,610.2000122070312,617.3499755859375,9390779
2020-09-18,622.9500122070312,624.6500244140625,600.0,613.2000122070312,10335095
2020-09-21,612.9000244140625,617.4000244140625,553.8499755859375,560.5999755859375,15649376
2020-09-22,564.0,578.0,537.0,544.0,26363293
2020-09-23,551.0,553.8499755859375,519.0999755859375,528.0499877929688,20046261
2020-09-24,517.1500244140625,519.0,485.0,490.25,20946967
2020-09-25,499.8999938964844,521.2999877929688,491.20001220703125,514.8499755859375,19311510
2020-09-28,522.9000244140625,563.2999877929688,516.1500244140625,555.0999755859375,24396893
2020-09-29,559.0,561.8499755859375,528.9500122070312,536.25,21321940
2020-09-30,536.25,539.7000122070312,520.25,527.4000244140625,18784941
2020-10-01,540.0,597.0499877929688,537.0,592.2000122070312,49858446
2020-10-05,593.2000122070312,630.7000122070312,592.0,601.5499877929688,43964114
2020-10-06,615.9500122070312,628.3499755859375,606.2000122070312,622.7999877929688,25112823
2020-10-07,620.9500122070312,625.7999877929688,606.0999755859375,619.0999755859375,19071775
2020-10-08,620.0,638.5,614.0499877929688,617.7000122070312,20977726
2020-10-09,618.0499877929688,633.0,615.0,623.0499877929688,18622149
2020-10-12,628.2000122070312,632.0,610.5,614.4500122070312,11751051
2020-10-13,611.5999755859375,620.75,602.4500122070312,608.2000122070312,11579298
2020-10-14,600.0,626.4500122070312,597.5,622.6500244140625,14624404
2020-10-15,622.6500244140625,632.5,593.3499755859375,598.0,14728367
2020-10-16,604.7999877929688,613.9000244140625,601.4000244140625,608.2999877929688,11569890
2020-10-19,607.5499877929688,630.6500244140625,606.2000122070312,627.0999755859375,14576825
2020-10-20,622.0,628.9000244140625,616.5999755859375,625.25,9607553
2020-10-21,631.0,647.7999877929688,599.5499877929688,628.0999755859375,26626983
2020-10-22,621.0,630.8499755859375,605.6500244140625,608.75,15976059
2020-10-23,617.0,617.7000122070312,604.3499755859375,608.1500244140625,12435551
2020-10-26,617.0,633.2999877929688,613.5499877929688,616.6500244140625,17438151
2020-10-27,616.5999755859375,623.4000244140625,595.0999755859375,614.0,15012129
2020-10-28,614.5,615.9500122070312,586.0999755859375,592.8499755859375,14933120
2020-10-29,585.0,599.7999877929688,571.0,588.7000122070312,16511146
2020-10-30,592.0,602.0,576.5,585.7000122070312,16811219
2020-11-02,590.0,635.0,590.0,628.3499755859375,33145934
2020-11-03,631.5499877929688,650.0,631.5499877929688,646.5999755859375,19566145
2020-11-04,649.5999755859375,681.0,648.0,678.0499877929688,33533745
2020-11-05,694.9500122070312,727.0,678.2999877929688,714.4000244140625,23471764
2020-11-06,714.75,747.0,707.0,738.6500244140625,29896664
2020-11-09,746.0499877929688,780.5,735.0499877929688,775.4500122070312,28036644
2020-11-10,784.0,870.0,783.0,835.2000122070312,59758713
2020-11-11,839.0,839.0499877929688,752.5,787.9500122070312,51561819
2020-11-12,790.0,802.8499755859375,761.7999877929688,769.2000122070312,28387177
2020-11-13,760.0499877929688,774.7000122070312,741.75,768.5499877929688,25472191
2020-11-14,776.5999755859375,785.0,757.4500122070312,770.4500122070312,3253864
2020-11-17,777.9000244140625,793.75,772.25,784.1500244140625,14873173
2020-11-18,780.0,834.0,775.0,828.2999877929688,25491255
2020-11-19,816.0,845.9000244140625,804.2000122070312,818.0,29797661
2020-11-20,818.0999755859375,829.9000244140625,788.7999877929688,811.0,25424060
2020-11-23,836.0,880.9000244140625,832.5,849.75,39219488
2020-11-24,852.0,860.9500122070312,836.2999877929688,853.7000122070312,19828772
2020-11-25,863.5999755859375,874.9000244140625,845.25,855.0499877929688,24215222
2020-11-26,857.0,860.7999877929688,835.0,850.5499877929688,16934720
2020-11-27,856.0,862.4500122070312,848.5499877929688,857.6500244140625,10212987
2020-12-01,863.0,900.0,858.0999755859375,895.5,14690547
2020-12-02,902.0,905.75,881.2999877929688,897.2999877929688,14965085
2020-12-03,900.0999755859375,907.9000244140625,890.5,896.25,9724314
2020-12-04,902.5,920.0,889.7999877929688,913.6500244140625,12658012
2020-12-07,915.0,953.5,913.2000122070312,935.1500244140625,15479752
2020-12-08,937.0499877929688,938.75,907.0999755859375,916.7000122070312,13141739
2020-12-09,930.0,938.5,918.7000122070312,928.5,7937423
2020-12-10,917.9500122070312,927.0,905.0,915.8499755859375,9145597
2020-12-11,916.75,933.3499755859375,915.0999755859375,923.75,8417189
2020-12-14,927.0,935.0,918.0499877929688,921.25,5936096
2020-12-15,923.0,931.4000244140625,908.4500122070312,926.75,7646858
2020-12-16,932.0,937.75,915.0,921.7999877929688,6068477
2020-12-17,914.0,948.0,914.0,935.7999877929688,14078222
2020-12-18,935.7999877929688,937.5,887.5499877929688,905.2000122070312,14605713
2020-12-21,905.2000122070312,906.0,814.7000122070312,842.7000122070312,18106992
2020-12-22,842.7000122070312,857.5,813.6500244140625,840.7000122070312,21961153
2020-12-23,841.9500122070312,861.9500122070312,832.75,855.3499755859375,12353093
2020-12-24,862.0,870.0,849.0999755859375,852.7999877929688,10293688
2020-12-28,855.0,871.0,853.0,866.9500122070312,5449095
2020-12-29,875.0,917.6500244140625,873.5,912.9000244140625,20727636
2020-12-30,919.0499877929688,922.7000122070312,888.0,899.0499877929688,11462263
2020-12-31,904.0,906.9000244140625,890.0499877929688,894.9500122070312,6435333
2021-01-01,895.0,904.0,893.0499877929688,900.1500244140625,4632855
2021-01-04,910.0,914.0,887.4500122070312,897.8499755859375,6991890
2021-01-05,891.7000122070312,927.3499755859375,883.0,921.6500244140625,11907501
2021-01-06,924.9500122070312,936.75,909.4000244140625,922.3499755859375,9768197
2021-01-07,935.0,961.6500244140625,931.0999755859375,952.0499877929688,12154311
2021-01-08,965.0,976.0,932.0999755859375,939.7999877929688,10838196
2021-01-11,942.9000244140625,950.9500122070312,926.2000122070312,929.0999755859375,8419415
2021-01-12,920.0,941.5,906.5499877929688,927.6500244140625,8805330
2021-01-13,932.7999877929688,953.5,926.1500244140625,942.75,9473962
2021-01-14,953.0,980.7000122070312,951.25,969.7000122070312,14887258
2021-01-15,974.0,983.0,953.4500122070312,965.9000244140625,9195430
2021-01-18,959.0,960.0,924.0,932.7999877929688,10668611
2021-01-19,942.0499877929688,952.0,936.25,939.9000244140625,6309233
2021-01-20,936.9000244140625,953.8499755859375,928.25,947.7000122070312,7004445
2021-01-21,959.4000244140625,967.0,918.25,925.8499755859375,8216362
2021-01-22,930.0,934.0,890.0,893.2999877929688,11366492
2021-01-25,906.0,912.3499755859375,839.2000122070312,849.1500244140625,11829328
2021-01-27,848.0,860.7999877929688,806.0,820.1500244140625,15810173
2021-01-28,801.2999877929688,828.8499755859375,789.0,802.5999755859375,13789865
2021-01-29,817.0999755859375,860.8499755859375,815.6500244140625,846.0999755859375,19305853
2021-02-01,859.0,981.4000244140625,856.0,970.5999755859375,38067807
2021-02-02,982.4000244140625,999.0,949.2999877929688,975.6500244140625,20556081
2021-02-03,980.0,1080.800048828125,972.2000122070312,1048.550048828125,34995822
2021-02-04,1034.9000244140625,1042.0,1016.0,1032.1500244140625,13666242
2021-02-05,1045.0,1085.0,1016.2999877929688,1025.0999755859375,19524257
2021-02-08,1036.050048828125,1055.0,1028.0,1035.0999755859375,7162284
2021-02-09,1044.0,1051.5999755859375,1020.0,1025.800048828125,7984133
2021-02-10,1035.0,1038.449951171875,1003.5999755859375,1022.7999877929688,7815034
2021-02-11,1025.0,1036.0,1015.2999877929688,1021.9000244140625,5760021
2021-02-12,1023.7999877929688,1059.5,1012.0,1027.4000244140625,13959383
2021-02-15,1044.9000244140625,1063.0,1037.699951171875,1057.5999755859375,9121286
2021-02-16,1068.0,1096.5,1041.0999755859375,1058.25,13883441
2021-02-17,1080.0,1085.0,1026.199951171875,1033.199951171875,13855321
2021-02-18,1045.0,1055.4000244140625,1033.4000244140625,1046.050048828125,8911120
2021-02-19,1035.0,1074.550048828125,1027.800048828125,1065.9000244140625,14557527
2021-02-22,1064.949951171875,1067.0999755859375,1018.0,1022.9000244140625,9412265
2021-02-23,1033.1500244140625,1053.949951171875,1018.0,1048.300048828125,7160332
2021-02-24,1047.300048828125,1076.0,1041.25,1070.0,6833820
2021-02-25,1080.0,1119.5,1079.0,1109.75,12716781
2021-02-26,1070.0,1082.9000244140625,1051.25,1062.949951171875,12247085
2021-03-01,1075.0,1096.5999755859375,1063.1500244140625,1067.949951171875,6358886
2021-03-02,1075.0,1086.300048828125,1060.0,1073.3499755859375,4917345
2021-03-03,1080.0,1104.0,1077.1500244140625,1099.75,5695638
2021-03-04,1078.0,1116.0,1072.5999755859375,1091.949951171875,6128220
2021-03-05,1084.0,1084.0,1025.449951171875,1039.9000244140625,13926140
2021-03-08,1054.0,1055.449951171875,1014.5,1018.25,10522267
2021-03-09,1025.5999755859375,1035.5999755859375,1005.0,1024.800048828125,9915907
2021-03-10,1043.1500244140625,1060.0,1033.050048828125,1039.8499755859375,8832614
2021-03-12,1052.0,1056.4000244140625,1015.6500244140625,1022.6500244140625,5735382
2021-03-15,1027.800048828125,1043.5999755859375,988.2000122070312,1038.6500244140625,8019663
2021-03-16,1045.0,1049.9000244140625,1028.0,1034.699951171875,5161126
2021-03-17,1032.0,1039.0,1002.5999755859375,1008.9500122070312,4712570
2021-03-18,1025.0,1030.699951171875,988.0,1002.7999877929688,5797610
2021-03-19,990.0,1018.7999877929688,981.0999755859375,1011.9000244140625,6838935
2021-03-22,1006.0,1011.8499755859375,961.0499877929688,968.1500244140625,12692489
2021-03-23,977.0,994.4000244140625,970.0,990.0499877929688,7530882
2021-03-24,980.0499877929688,985.0,955.0,958.7000122070312,5028085
2021-03-25,958.7000122070312,970.0,928.8499755859375,957.7999877929688,7614686
2021-03-26,973.7999877929688,976.5,950.0,952.75,4891178
2021-03-30,966.0,978.4000244140625,955.0,961.0499877929688,5831461
2021-03-31,961.0499877929688,969.0,950.0,954.4500122070312,4453746
2021-04-01,964.0,997.0,959.0999755859375,993.2999877929688,7932671
2021-04-05,985.0,988.9500122070312,918.5499877929688,937.3499755859375,11223431
2021-04-06,947.7999877929688,954.2000122070312,921.5,927.25,6925347
2021-04-07,931.0,952.4500122070312,921.1500244140625,945.5499877929688,5714921
2021-04-08,949.0,957.9500122070312,932.0,934.9000244140625,3946239
2021-04-09,935.0,939.7000122070312,917.4500122070312,923.6500244140625,4980026
2021-04-12,884.0,890.0,841.0,844.4000244140625,10674765
2021-04-13,850.0,881.0,844.5,877.4000244140625,6778840
2021-04-15,867.5,883.7999877929688,841.25,858.3499755859375,6862663
2021-04-16,864.0999755859375,869.9500122070312,853.0499877929688,862.9500122070312,5338683
2021-04-19,829.9500122070312,836.5499877929688,811.0,832.0,8550122
2021-04-20,845.0,864.7999877929688,840.0499877929688,845.0,8240669
2021-04-22,831.0,839.9500122070312,815.0,835.7000122070312,9717099
2021-04-23,830.0,859.9500122070312,822.7999877929688,850.0,7695324
2021-04-26,857.0,870.9500122070312,851.4500122070312,859.5499877929688,4894557
2021-04-27,859.5499877929688,886.0,859.0,882.4500122070312,5202133
2021-04-28,890.0,931.0,888.0,926.9000244140625,9935828
2021-04-29,936.8499755859375,958.8499755859375,917.0999755859375,939.4500122070312,12187280
2021-04-30,928.0,948.5,915.0999755859375,934.9500122070312,7301455
2021-05-03,929.0,967.7000122070312,899.0,913.5999755859375,16854199
2021-05-04,930.0,934.5,906.0,910.1500244140625,7499852
2021-05-05,923.0,934.75,909.2999877929688,931.1500244140625,5975741
2021-05-06,937.4500122070312,938.6500244140625,920.0,924.9500122070312,3705397
2021-05-07,932.5499877929688,951.7999877929688,925.0,926.2000122070312,5419712
2021-05-10,939.0,949.9500122070312,931.1500244140625,945.4000244140625,5087341
2021-05-11,923.9500122070312,957.0,922.9000244140625,948.8499755859375,5732298
2021-05-12,942.0,950.5499877929688,914.0,916.6500244140625,5074561
2021-05-14,923.0,923.0,888.0999755859375,890.8499755859375,6169600
2021-05-17,897.0999755859375,959.9000244140625,897.0999755859375,956.4500122070312,10987165
2021-05-18,967.0,986.9500122070312,967.0,974.5499877929688,8715366
2021-05-19,965.0,978.5999755859375,961.2000122070312,967.0,4787294
2021-05-20,963.0,987.9000244140625,963.0,975.5,5835440
2021-05-21,985.0,1020.0,981.7999877929688,1016.0,12591860
2021-05-24,1018.9000244140625,1022.75,997.0499877929688,1004.75,5385688
2021-05-25,1012.0,1012.75,982.4000244140625,993.9000244140625,4583345
2021-05-26,998.8499755859375,1007.9500122070312,987.0,998.4500122070312,2972854
2021-05-27,995.2999877929688,1013.2999877929688,987.0,1006.8499755859375,4427518
2021-05-28,1014.5,1025.5,1003.0,1019.3499755859375,5388785
2021-05-31,1015.0,1020.4000244140625,1004.0,1013.0,2643491
2021-06-01,1016.0,1031.3499755859375,1006.0,1010.0499877929688,3766919
2021-06-02,1008.9000244140625,1030.0,1003.5,1028.0,4177378
2021-06-03,1031.0,1037.25,964.0499877929688,1005.75,14752885
2021-06-04,1012.2000122070312,1023.4000244140625,1004.0,1009.2999877929688,4323154
2021-06-07,1018.0,1032.6500244140625,1009.5,1025.199951171875,3823401
2021-06-08,1025.0,1028.0,1005.5999755859375,1020.1500244140625,3141410
2021-06-09,1019.0,1035.699951171875,997.25,1003.5499877929688,4767864
2021-06-10,1012.0,1028.5999755859375,1006.0,1024.3499755859375,2984339
2021-06-11,1028.0,1032.0,1012.0999755859375,1015.0999755859375,2679470
2021-06-14,1012.0,1028.0,993.75,1024.300048828125,3982216
2021-06-15,1025.0,1050.0,1025.0,1034.449951171875,6026006
2021-06-16,1030.0,1038.699951171875,1010.3499755859375,1013.7000122070312,3325800
2021-06-17,1002.0,1021.7999877929688,968.0,984.0499877929688,6126591
2021-06-18,993.9000244140625,999.7999877929688,960.0,995.4000244140625,4895262
2021-06-21,977.0,1010.0,968.0499877929688,1007.5499877929688,3160990
2021-06-22,1015.9000244140625,1021.7000122070312,996.0499877929688,1000.0999755859375,4141759
2021-06-23,1009.0,1017.7999877929688,996.5,999.5499877929688,3975716
2021-06-24,1004.0,1008.0,996.2000122070312,1000.6500244140625,2285845
2021-06-25,997.0,1020.0,986.6500244140625,1012.9000244140625,3499315
2021-06-28,1019.0,1021.5999755859375,1001.0,1008.9000244140625,2819763
2021-06-29,1009.0,1022.0,1000.0,1018.1500244140625,4543628
2021-06-30,1021.5,1027.550048828125,1012.1500244140625,1016.3499755859375,2628556
2021-07-01,1011.0,1016.9500122070312,1000.0,1007.7000122070312,3070067
2021-07-02,1008.0,1014.1500244140625,1005.1500244140625,1009.6500244140625,1501210
2021-07-05,1012.0,1026.5,1012.0,1020.5499877929688,1993126
2021-07-06,1018.7000122070312,1035.0,1015.0,1031.050048828125,3019919
2021-07-07,1024.550048828125,1047.0,1013.0,1044.9000244140625,3781022
2021-07-08,1042.8499755859375,1061.0,1036.199951171875,1045.449951171875,4139752
2021-07-09,1040.0,1048.5999755859375,1026.199951171875,1039.949951171875,3625932
2021-07-12,1045.4000244140625,1057.6500244140625,1041.050048828125,1049.300048828125,2010018
2021-07-13,1055.0,1059.949951171875,1044.0,1055.9000244140625,2096758
2021-07-14,1050.0,1060.5,1048.5,1052.5999755859375,1566799
2021-07-15,1054.0,1067.4000244140625,1050.0,1055.0999755859375,2748272
2021-07-16,1054.0,1058.949951171875,1042.0,1044.300048828125,1218164
2021-07-19,1024.0,1034.699951171875,1005.5499877929688,1015.8499755859375,2644846
2021-07-20,1017.0,1019.0,980.0,981.5499877929688,3752725
2021-07-22,999.9000244140625,1005.75,988.0,992.1500244140625,2181872
2021-07-23,996.0,1000.0,977.0,989.2999877929688,3449852
2021-07-26,989.2999877929688,996.6500244140625,978.2999877929688,981.2999877929688,2335433
2021-07-27,989.0,994.0,963.0499877929688,975.7999877929688,3311920
2021-07-28,992.0,1009.7999877929688,979.0,992.75,8820340
2021-07-29,997.9500122070312,1003.4500122070312,987.0,992.0499877929688,3459503
2021-07-30,989.0,1000.0,980.0,981.0,3115750
2021-08-02,991.7999877929688,997.1500244140625,985.4500122070312,988.0,2149603
2021-08-03,987.0,1025.0,986.6500244140625,1022.0499877929688,4450926
2021-08-04,1029.0,1048.0,1016.9000244140625,1020.5499877929688,5055711
2021-08-05,1011.4500122070312,1012.4500122070312,986.0,997.7000122070312,3955681
2021-08-06,1005.0,1034.0,998.2000122070312,1029.5,7609448
2021-08-09,1031.0,1047.0,1028.050048828125,1042.800048828125,4274598
2021-08-10,1037.0,1055.0,1031.4000244140625,1033.5999755859375,3469468
2021-08-11,1033.5999755859375,1045.3499755859375,1020.0,1041.199951171875,2155833
2021-08-12,1046.449951171875,1047.1500244140625,1027.25,1035.3499755859375,2453701
2021-08-13,1035.3499755859375,1043.75,1021.5999755859375,1024.1500244140625,2348979
2021-08-16,1024.949951171875,1029.9000244140625,1016.0999755859375,1019.0,1132546
2021-08-17,1013.5,1015.0,993.2999877929688,1000.2000122070312,3082005
2021-08-18,1003.0,1005.7999877929688,987.0,989.6500244140625,2344486
2021-08-20,985.0,990.9500122070312,970.6500244140625,979.4500122070312,3465186
2021-08-23,988.0999755859375,998.9000244140625,964.0999755859375,988.5999755859375,2914978
2021-08-24,990.2000122070312,1009.0,987.0,1005.0499877929688,2510063
2021-08-25,1009.9000244140625,1013.9000244140625,998.2000122070312,1005.5499877929688,2105187
2021-08-26,1000.0,1012.6500244140625,998.0999755859375,1001.5,1971408
2021-08-27,997.0,1000.8499755859375,987.0,990.2000122070312,2368969
2021-08-30,995.2999877929688,1012.0,991.2999877929688,1005.0999755859375,2868604
2021-08-31,1009.0,1009.7999877929688,990.0,992.4000244140625,3138652
2021-09-01,994.0,1025.0,993.0,998.75,3854558
2021-09-02,1002.7000122070312,1012.5,995.2000122070312,1010.0999755859375,2136382
2021-09-03,1010.0,1028.6500244140625,996.5499877929688,1003.75,5363972
2021-09-06,1006.0,1008.2999877929688,991.0,991.9500122070312,3349749
2021-09-07,992.0499877929688,1012.0,984.1500244140625,1001.25,5483796
2021-09-08,1013.2000122070312,1021.7999877929688,992.4000244140625,999.5999755859375,6385224
2021-09-09,1000.0,1006.9000244140625,993.5,999.5,3193603
2021-09-13,1004.0,1004.0,992.6500244140625,996.2999877929688,2386618
2021-09-14,999.0,1039.0,997.5999755859375,1036.5999755859375,7838383
2021-09-15,1036.0,1062.0,1027.5,1053.949951171875,6071710
2021-09-16,1071.0,1186.5,1071.0,1130.949951171875,27230283
2021-09-17,1137.5,1146.550048828125,1112.3499755859375,1130.0,5784278
2021-09-20,1115.0,1132.4000244140625,1084.5999755859375,1089.949951171875,2954179
2021-09-21,1091.0,1143.1500244140625,1085.0,1137.550048828125,6332732
2021-09-22,1145.0,1157.8499755859375,1128.199951171875,1141.4000244140625,5587136
2021-09-23,1150.0,1175.0,1147.0,1169.1500244140625,4879235
2021-09-24,1172.199951171875,1189.3499755859375,1141.25,1163.050048828125,4615559
2021-09-27,1172.0,1177.949951171875,1144.9000244140625,1150.699951171875,3083520
2021-09-28,1160.0,1160.0,1119.0,1134.75,3684708
2021-09-29,1127.0999755859375,1136.9000244140625,1114.0999755859375,1123.199951171875,5574048
2021-09-30,1125.0,1134.9000244140625,1107.0,1111.9000244140625,3180267
2021-10-01,1104.0,1112.0,1091.300048828125,1104.050048828125,1940798
2021-10-04,1107.5,1125.0,1106.0,1119.800048828125,1817348
2021-10-05,1116.800048828125,1177.0999755859375,1108.6500244140625,1168.5999755859375,5270013
2021-10-06,1178.449951171875,1179.1500244140625,1126.699951171875,1131.8499755859375,3329243
2021-10-07,1143.0,1186.1500244140625,1140.050048828125,1166.699951171875,4002618
2021-10-08,1179.4000244140625,1180.0,1158.4000244140625,1174.4000244140625,2344868
2021-10-11,1172.6500244140625,1194.449951171875,1170.0,1173.25,2535840
2021-10-12,1165.0,1196.0,1160.050048828125,1181.9000244140625,2354120
2021-10-13,1188.0999755859375,1191.949951171875,1175.25,1184.5,1235622
2021-10-14,1190.0,1215.0,1161.800048828125,1210.0,3315820
2021-10-18,1221.0,1229.6500244140625,1196.050048828125,1219.5999755859375,4512591
2021-10-19,1222.0,1240.0,1185.5999755859375,1194.0,3879525
2021-10-20,1190.0,1213.9000244140625,1172.449951171875,1201.699951171875,2850772
2021-10-21,1205.0,1210.949951171875,1165.199951171875,1184.4000244140625,2408608
2021-10-22,1192.050048828125,1204.699951171875,1176.800048828125,1196.4000244140625,2618946
2021-10-25,1205.949951171875,1211.0,1156.699951171875,1177.75,3612312
2021-10-26,1180.0,1193.0,1137.699951171875,1154.9000244140625,3413917
2021-10-27,1156.0,1163.8499755859375,1122.0,1142.550048828125,4329232
2021-10-28,1172.0,1242.0,1169.25,1176.0,17223159
2021-10-29,1166.949951171875,1182.0,1123.5999755859375,1140.199951171875,5112475
2021-11-01,1158.0,1235.0,1146.050048828125,1229.0999755859375,10563295
2021-11-02,1220.0,1240.0999755859375,1207.0,1212.550048828125,3730392
2021-11-03,1215.0,1220.0,1174.25,1177.949951171875,2922214
2021-11-04,1195.0,1195.0,1185.0,1189.0999755859375,278458
2021-11-08,1130.0,1130.0,1041.5999755859375,1061.1500244140625,29099645
2021-11-09,1081.0,1084.9000244140625,1062.5,1068.25,7752739
2021-11-10,1066.800048828125,1066.800048828125,1027.800048828125,1032.199951171875,6796906
2021-11-11,1032.199951171875,1038.0,1020.5,1033.300048828125,4527396
2021-11-12,1040.0,1043.5,1028.550048828125,1037.050048828125,3479296
2021-11-15,1042.0,1051.0,1032.550048828125,1041.5,3105993
2021-11-16,1042.0,1046.0,1018.25,1020.9000244140625,2685826
2021-11-17,1017.9000244140625,1042.0,1014.0,1034.0,3042496
2021-11-18,1031.800048828125,1042.0,1002.2999877929688,1008.4500122070312,3244457
2021-11-22,1024.0,1025.9000244140625,988.5499877929688,1006.9000244140625,6198324
2021-11-23,995.0,1010.0,974.0,981.3499755859375,8136685
2021-11-24,989.0,993.6500244140625,966.0,970.4000244140625,6646771
2021-11-25,968.0,970.0,951.3499755859375,959.2999877929688,5711537
2021-11-26,951.0,956.9500122070312,898.0,901.7999877929688,6746021
2021-11-29,926.9000244140625,938.0,888.8499755859375,895.4500122070312,11905868
2021-11-30,902.0,927.5,875.7000122070312,883.0,6964145
2021-12-01,891.0,938.75,890.1500244140625,933.6500244140625,14626216
2021-12-02,935.0,950.0,925.6500244140625,945.5499877929688,5703967
2021-12-03,944.9500122070312,957.8499755859375,938.5,951.1500244140625,4928235
2021-12-06,952.0,952.0,914.0,915.6500244140625,4617346
2021-12-07,922.9000244140625,936.5,920.7999877929688,926.6500244140625,3434735
2021-12-08,936.0,949.0,932.5,945.2999877929688,3774244
2021-12-09,947.0,950.5,938.2000122070312,946.4000244140625,3111606
2021-12-10,960.0,968.0,938.0,944.75,6605152
2021-12-13,954.2999877929688,955.5999755859375,934.2000122070312,938.5499877929688,2681792
2021-12-14,932.0,949.1500244140625,924.2000122070312,946.0499877929688,2725729
2021-12-15,944.9500122070312,950.8499755859375,937.0,938.5499877929688,2266938
2021-12-16,945.0,949.3499755859375,921.1500244140625,928.2999877929688,2457432
2021-12-17,926.0,929.0,880.25,883.0,4786306
2021-12-20,874.0,874.0,830.7999877929688,846.0999755859375,4700733
2021-12-21,855.0499877929688,867.9500122070312,848.3499755859375,857.2000122070312,3568436
2021-12-22,861.4500122070312,885.0,861.0,871.75,3619713
2021-12-23,879.9000244140625,884.0,869.0,871.0999755859375,2642247
2021-12-24,878.0,878.7999877929688,846.7999877929688,861.1500244140625,3462247
2021-12-27,843.0,861.7999877929688,811.5,855.25,12325932
2021-12-28,864.0,865.75,845.0999755859375,852.6500244140625,4660498
2021-12-29,854.0499877929688,874.9000244140625,854.0,870.0,6067054
2021-12-30,864.0,893.4500122070312,860.0,885.4000244140625,12354342
2021-12-31,881.5,892.9000244140625,878.4000244140625,888.1500244140625,3606043
2022-01-03,888.2000122070312,915.5,876.7000122070312,912.2999877929688,5594214
2022-01-04,915.0,917.9500122070312,896.0999755859375,904.4000244140625,4102750
2022-01-05,905.0,911.9000244140625,892.25,903.9500122070312,5448165
2022-01-06,895.25,924.0,885.0499877929688,921.7000122070312,5209239
2022-01-07,926.5,938.4500122070312,916.0999755859375,922.25,4207773
2022-01-10,926.9000244140625,929.8499755859375,918.0,920.8499755859375,2569322
2022-01-11,927.0,935.0499877929688,914.0,917.9500122070312,3383081
2022-01-12,928.0,946.5999755859375,920.0999755859375,941.5499877929688,5506622
2022-01-13,948.0,950.0,926.0,927.0999755859375,2109207
2022-01-14,919.0999755859375,926.6500244140625,913.25,920.0499877929688,2557488
2022-01-17,919.0,931.9000244140625,912.25,920.5,3048497
2022-01-18,920.5,927.3499755859375,895.3499755859375,899.6500244140625,3088062
2022-01-19,897.0,903.7999877929688,884.1500244140625,893.25,3628266
2022-01-20,895.0,898.4500122070312,872.0,877.2000122070312,3565267
2022-01-21,869.9000244140625,872.9500122070312,845.0999755859375,854.0999755859375,4042974
2022-01-24,859.0,869.2999877929688,831.5499877929688,851.25,4657809
2022-01-25,842.3499755859375,886.9000244140625,842.0,884.25,5165597
2022-01-27,874.2000122070312,893.5999755859375,861.0999755859375,888.0999755859375,4323258
2022-01-28,897.0,925.75,895.0,903.5499877929688,5520247
2022-01-31,927.4500122070312,927.4500122070312,866.6500244140625,872.0999755859375,10148990
2022-02-01,879.0,927.0,879.0,922.2999877929688,11628936
2022-02-02,930.0999755859375,981.7999877929688,930.0999755859375,975.3499755859375,14380553
2022-02-03,967.3499755859375,979.7000122070312,954.4500122070312,958.3499755859375,5623611
2022-02-04,958.0,974.9500122070312,945.0,956.0499877929688,5000045
2022-02-07,952.0499877929688,959.4000244140625,928.1500244140625,933.0499877929688,2587054
2022-02-08,938.0,940.75,913.0,937.7000122070312,3160992
2022-02-09,942.2999877929688,971.4000244140625,940.4000244140625,967.1500244140625,4101202
2022-02-10,966.0,977.75,960.25,972.3499755859375,4037566
2022-02-11,955.0,990.0,954.5499877929688,982.4000244140625,7171664
2022-02-14,959.2000122070312,964.7999877929688,937.2000122070312,941.5999755859375,3652419
2022-02-15,943.0,972.0,923.25,969.7000122070312,3985559
2022-02-16,966.0999755859375,987.5499877929688,961.9500122070312,968.4000244140625,3683264
2022-02-17,980.0,980.0,951.0999755859375,955.7999877929688,3152042
2022-02-18,950.0,966.0,948.5999755859375,955.3499755859375,2417043
2022-02-21,952.0,972.0,949.0,952.4500122070312,3535914
2022-02-22,925.0,949.8499755859375,923.0,939.0999755859375,2866135
2022-02-23,944.0,960.7999877929688,943.1500244140625,950.7000122070312,3507003
2022-02-24,919.5,934.2999877929688,868.8499755859375,875.6500244140625,7305449
2022-02-25,898.7000122070312,929.7999877929688,895.0,927.0499877929688,4821342
2022-02-28,916.0,924.7999877929688,903.0,920.7000122070312,3299912
2022-03-02,907.0,912.6500244140625,887.5499877929688,906.3499755859375,4507940
2022-03-03,918.0,926.0,906.5,912.25,3731807
2022-03-04,896.0,922.9000244140625,891.0,901.9000244140625,3623960
2022-03-07,878.0,896.9500122070312,825.5,834.4000244140625,6323502
2022-03-08,831.0999755859375,847.7999877929688,816.0,840.7000122070312,6163433
2022-03-09,863.0,880.0,838.25,875.3499755859375,6967640
2022-03-10,909.7999877929688,928.0,890.7000122070312,904.2999877929688,6312569
2022-03-11,900.0,915.5,892.9500122070312,901.75,3451877
2022-03-14,899.0,914.0,892.2999877929688,907.5999755859375,3718477
2022-03-15,916.9000244140625,922.0,887.25,896.6500244140625,4390735
2022-03-16,912.0,936.0,911.5499877929688,928.6500244140625,5705364
2022-03-17,943.9500122070312,949.5,929.5499877929688,932.4500122070312,4492246
2022-03-21,938.0,938.0,911.0,913.4000244140625,2363059
2022-03-22,916.0,932.0,903.5999755859375,927.7000122070312,2764481
2022-03-23,933.0,944.4500122070312,928.0999755859375,931.3499755859375,2433056
2022-03-24,922.0,937.9500122070312,915.2000122070312,924.7999877929688,2923793
2022-03-25,930.0,933.2999877929688,916.0499877929688,926.25,1984601
2022-03-28,923.0499877929688,942.9000244140625,920.25,935.1500244140625,2654339
2022-03-29,939.9500122070312,944.5,921.4000244140625,929.1500244140625,3351562
2022-03-30,939.3499755859375,945.0,922.9500122070312,926.2999877929688,4849869
2022-03-31,930.0,938.4500122070312,924.0,935.4000244140625,2311242
2022-04-01,929.4500122070312,970.9500122070312,929.1500244140625,968.5999755859375,5222165
2022-04-04,975.0,994.7999877929688,958.0499877929688,987.2000122070312,5033678
2022-04-05,994.0,994.0,968.0,973.25,3827808
2022-04-06,967.0,978.75,961.0,968.2999877929688,2406015
2022-04-07,960.5,986.9000244140625,960.0,972.5999755859375,3182285
2022-04-08,971.0,990.0,968.25,985.5999755859375,2659878
2022-04-11,983.5999755859375,998.9000244140625,976.7999877929688,980.4500122070312,2413145
2022-04-12,977.0,987.6500244140625,966.0,985.0999755859375,1963842
2022-04-13,992.0,996.25,982.0,983.4000244140625,2060127
2022-04-18,972.0,983.0,966.0999755859375,977.4500122070312,1575552
2022-04-19,979.9000244140625,988.9500122070312,951.0,963.7999877929688,1747142
2022-04-20,965.5499877929688,982.75,952.5,972.5499877929688,2421543
2022-04-21,976.0999755859375,992.7000122070312,976.0999755859375,989.25,1957820
2022-04-22,980.0,988.0,957.0999755859375,959.8499755859375,1942893
2022-04-25,945.0,958.4500122070312,931.0,946.5499877929688,2096910
2022-04-26,962.0,983.3499755859375,958.0999755859375,980.4500122070312,2673266
2022-04-27,970.0999755859375,979.7999877929688,967.1500244140625,974.5,1476543
2022-04-28,978.0,992.4500122070312,972.0,988.3499755859375,2003774
2022-04-29,990.0,1009.5,975.2000122070312,978.5499877929688,3476442
2022-05-02,972.0,1026.0,966.4500122070312,1018.0999755859375,8962019
2022-05-04,1025.5,1029.0,971.0,978.2999877929688,4565643
2022-05-05,995.0,995.0,932.0,936.7999877929688,4679266
2022-05-06,919.0,934.2999877929688,902.5,915.4000244140625,3713381
2022-05-09,912.7999877929688,912.7999877929688,881.0,889.7000122070312,3283626
2022-05-10,888.0,920.0,888.0,910.75,3972560
2022-05-11,910.9000244140625,928.0,891.2999877929688,923.3499755859375,4209334
2022-05-12,916.0,916.5,856.0,869.9000244140625,4776857
2022-05-13,886.0,894.1500244140625,868.75,872.3499755859375,2932319
2022-05-16,876.7000122070312,898.7999877929688,865.5499877929688,885.9000244140625,1971123
2022-05-17,890.0,905.0,888.0999755859375,903.8499755859375,2038983
2022-05-18,907.0,917.9500122070312,899.0499877929688,903.1500244140625,2665522
2022-05-19,888.0,890.8499755859375,860.0999755859375,866.25,2656251
2022-05-20,888.0,900.0,881.2000122070312,896.5,2286465
2022-05-23,900.0,922.0,898.9500122070312,902.4000244140625,2577890
2022-05-24,905.4000244140625,917.0,895.2999877929688,897.9500122070312,2149695
2022-05-25,907.7999877929688,923.5,889.5499877929688,893.3499755859375,3664893
2022-05-26,902.5999755859375,906.7999877929688,877.4500122070312,897.5999755859375,3909078
2022-05-27,908.3499755859375,927.0,905.2000122070312,925.4000244140625,2509528
2022-05-30,936.0,946.4500122070312,932.0999755859375,936.2000122070312,2036338
2022-05-31,926.0,939.9500122070312,926.0,930.8499755859375,1249259
2022-06-01,930.8499755859375,938.3499755859375,918.7000122070312,928.3499755859375,1144864
2022-06-02,921.0,945.0,921.0,942.9500122070312,1735855
2022-06-03,950.0,953.7999877929688,922.0,924.2999877929688,1398174
2022-06-06,920.0,933.9500122070312,918.5,928.75,1417254
2022-06-07,924.25,929.9500122070312,916.5,923.7000122070312,929573
2022-06-08,929.0,938.0,906.5499877929688,913.7000122070312,1905868
2022-06-09,908.0,923.5,906.3499755859375,920.2999877929688,1031195
2022-06-10,912.5,925.0,903.25,913.2000122070312,882217
2022-06-13,895.0,900.3499755859375,860.0999755859375,865.4500122070312,3353078
2022-06-14,864.0,869.9500122070312,840.2999877929688,844.2000122070312,3770890
2022-06-15,852.0,857.0,828.0,843.2999877929688,3911673
2022-06-16,854.0,859.4000244140625,805.1500244140625,809.5999755859375,3141825
2022-06-17,810.0,821.8499755859375,796.75,806.9000244140625,2624540
2022-06-20,814.5999755859375,814.5999755859375,769.5,784.0499877929688,3103978
2022-06-21,796.0499877929688,809.4000244140625,783.4500122070312,798.8499755859375,3425596
2022-06-22,799.6500244140625,801.8499755859375,767.7000122070312,777.6500244140625,3066728
2022-06-23,781.0,794.2999877929688,763.2000122070312,784.9500122070312,3888446
2022-06-24,793.9500122070312,815.8499755859375,792.5,806.5,4706175
2022-06-27,819.2000122070312,829.7000122070312,817.6500244140625,823.5,2569316
2022-06-28,819.0,823.5,812.0,816.5999755859375,1280737
2022-06-29,805.0,817.3499755859375,788.2000122070312,808.7999877929688,3774208
2022-06-30,811.7999877929688,816.7000122070312,790.25,794.3499755859375,2686640
2022-07-01,793.0,810.0,783.0,807.2000122070312,2796110
2022-07-04,812.7999877929688,840.0,811.2000122070312,832.0,4711395
2022-07-05,833.0,839.0,821.0499877929688,824.0499877929688,1836183
2022-07-06,829.7999877929688,840.0,825.0499877929688,836.5499877929688,1660551
2022-07-07,841.0,863.4000244140625,840.25,861.0,3868679
2022-07-08,867.0,867.5,846.2000122070312,848.5999755859375,1342616
2022-07-11,845.0,860.0,843.0499877929688,858.3499755859375,1503503
2022-07-12,850.0,861.1500244140625,845.0,847.0499877929688,1221366
2022-07-13,856.1500244140625,856.1500244140625,789.5,819.0499877929688,10850036
2022-07-14,823.0999755859375,829.7999877929688,813.7000122070312,820.9000244140625,2463571
2022-07-15,824.1500244140625,829.0,811.2000122070312,815.0499877929688,1365475
2022-07-18,826.0,853.2000122070312,823.2000122070312,851.0499877929688,2536142
2022-07-19,841.0,871.7999877929688,840.0,868.0999755859375,2608372
2022-07-20,886.0,897.4500122070312,872.7999877929688,879.2999877929688,3995680
2022-07-21,903.0,962.0,892.5999755859375,948.0999755859375,23581540
2022-07-22,950.0499877929688,956.0,938.6500244140625,942.4500122070312,4842122
2022-07-25,940.0,966.5,939.5499877929688,962.0499877929688,6043152
2022-07-26,959.0,969.9000244140625,951.8499755859375,961.5999755859375,2983144
2022-07-27,960.7000122070312,983.75,955.25,979.7999877929688,3405140
2022-07-28,994.4500122070312,1020.0,989.0999755859375,1017.7000122070312,7001490
2022-07-29,1022.2000122070312,1049.949951171875,1018.75,1043.5,5862550
2022-08-01,1040.0,1047.9000244140625,1024.550048828125,1040.1500244140625,4299697
2022-08-02,1033.0,1071.9000244140625,1032.050048828125,1067.25,5074834
2022-08-03,1063.550048828125,1070.0,1051.550048828125,1058.300048828125,2753893
2022-08-04,1061.0999755859375,1072.8499755859375,1043.800048828125,1050.199951171875,2142720
2022-08-05,1055.5,1057.75,1033.550048828125,1036.300048828125,2382020
2022-08-08,1036.300048828125,1057.699951171875,1033.699951171875,1050.199951171875,2057991
2022-08-10,1045.4000244140625,1067.5,1043.050048828125,1063.0999755859375,2727232
2022-08-11,1070.6500244140625,1086.0,1069.0,1079.199951171875,3998702
2022-08-12,1077.1500244140625,1088.050048828125,1075.550048828125,1080.449951171875,2463516
2022-08-16,1085.0,1096.9000244140625,1075.0999755859375,1084.449951171875,3083931
2022-08-17,1083.0,1095.0,1082.0,1088.5999755859375,1768441
2022-08-18,1082.5,1107.449951171875,1081.550048828125,1105.0999755859375,2407824
2022-08-19,1104.949951171875,1104.949951171875,1060.0,1063.300048828125,3660413
2022-08-22,1055.0,1067.300048828125,1045.5,1057.199951171875,2662510
2022-08-23,1035.0,1078.9000244140625,1034.0999755859375,1071.050048828125,3030759
2022-08-24,1077.0,1105.0,1077.0,1101.9000244140625,3685015
2022-08-25,1109.0,1119.75,1082.699951171875,1089.949951171875,3775014
2022-08-26,1098.0,1101.699951171875,1064.6500244140625,1069.75,3662548
2022-08-29,1050.0,1062.9000244140625,1041.0,1059.199951171875,1642550
2022-08-30,1071.800048828125,1109.800048828125,1070.0,1107.449951171875,3200407
2022-09-01,1097.6500244140625,1121.0,1095.0,1111.4000244140625,3487969
2022-09-02,1116.949951171875,1119.5,1095.0,1100.75,2428618
2022-09-05,1099.5,1112.449951171875,1096.550048828125,1108.0,2419887
2022-09-06,1115.0,1118.75,1097.5999755859375,1108.800048828125,2516672
2022-09-07,1095.0,1100.0,1086.0,1089.949951171875,3165749
2022-09-08,1103.0,1115.0,1097.4000244140625,1108.300048828125,2995969
2022-09-09,1119.0,1149.550048828125,1116.550048828125,1137.1500244140625,4751837
2022-09-12,1144.300048828125,1145.0,1128.0,1136.8499755859375,1918731
2022-09-13,1145.0,1165.550048828125,1136.800048828125,1163.800048828125,3571187
2022-09-14,1148.5999755859375,1225.0,1142.300048828125,1215.75,9043198
2022-09-15,1219.0,1220.0,1185.050048828125,1195.8499755859375,4063705
2022-09-16,1195.8499755859375,1251.050048828125,1185.0,1227.3499755859375,16270762
2022-09-19,1226.0,1256.0,1218.0,1225.75,6074889
2022-09-20,1241.25,1275.800048828125,1240.0,1264.0999755859375,5704241
2022-09-21,1260.0,1265.0,1221.800048828125,1224.25,6121456
2022-09-22,1219.0,1238.5,1205.0,1216.550048828125,5463724
2022-09-23,1210.0,1213.949951171875,1176.050048828125,1183.3499755859375,4197496
2022-09-26,1170.0,1180.0,1135.699951171875,1149.5999755859375,5082576
2022-09-27,1166.449951171875,1178.0,1140.5999755859375,1165.0999755859375,4493527
2022-09-28,1155.199951171875,1160.0,1133.0,1140.9000244140625,4898528
2022-09-29,1160.0,1174.800048828125,1137.300048828125,1142.25,4998273
2022-09-30,1141.0,1192.300048828125,1128.800048828125,1185.199951171875,4392250
2022-10-03,1178.0,1185.9000244140625,1153.050048828125,1156.25,3397982
2022-10-04,1184.9000244140625,1222.0,1176.1500244140625,1219.25,4446589
2022-10-06,1225.0,1234.949951171875,1197.300048828125,1200.9000244140625,2773277
2022-10-07,1201.0,1217.8499755859375,1182.5,1213.4000244140625,3338767
2022-10-10,1193.0999755859375,1216.9000244140625,1183.25,1210.300048828125,2547644
2022-10-11,1215.0,1215.949951171875,1162.0,1164.5999755859375,21664338
2022-10-12,1175.050048828125,1192.0999755859375,1156.0999755859375,1189.050048828125,3412460
2022-10-13,1189.050048828125,1196.75,1167.0,1184.25,1982808
2022-10-14,1201.25,1216.3499755859375,1179.199951171875,1181.5999755859375,2918993
2022-10-17,1178.0,1203.800048828125,1164.0,1199.6500244140625,3419791
2022-10-18,1207.0,1228.6500244140625,1203.0999755859375,1223.25,3451130
2022-10-19,1227.9000244140625,1231.699951171875,1210.0,1218.4000244140625,3896969
2022-10-20,1214.0,1214.0,1150.0999755859375,1159.949951171875,11242103
2022-10-21,1166.0,1169.0,1139.0999755859375,1142.25,5309754
2022-10-24,1160.0,1160.0,1143.0,1145.8499755859375,674170
2022-10-25,1145.8499755859375,1153.050048828125,1121.800048828125,1137.449951171875,3514202
2022-10-27,1150.0,1153.5999755859375,1135.199951171875,1142.5,2590606
2022-10-28,1145.0,1161.0,1137.5,1147.0,2778938
2022-10-31,1155.0,1159.5999755859375,1138.949951171875,1142.6500244140625,2048520
2022-11-01,1146.5,1159.9000244140625,1145.0,1151.1500244140625,2664189
2022-11-02,1146.0,1157.699951171875,1135.0,1138.199951171875,1947283
2022-11-03,1133.449951171875,1150.949951171875,1125.25,1148.0,1742221
2022-11-04,1153.75,1158.0,1142.0999755859375,1152.699951171875,1571565
2022-11-07,1158.0,1158.0,1139.25,1144.1500244140625,2601148
2022-11-09,1156.0,1172.9000244140625,1144.0,1149.0,3456108
2022-11-10,1143.0,1157.800048828125,1118.0,1127.3499755859375,2072769
2022-11-11,1140.0,1161.449951171875,1130.5999755859375,1140.0,2198448
2022-11-14,1145.699951171875,1160.0,1134.1500244140625,1152.949951171875,2007506
2022-11-15,1157.8499755859375,1167.75,1147.1500244140625,1152.8499755859375,1802234
2022-11-16,1151.0,1158.0,1136.0,1144.0999755859375,2331206
2022-11-17,1141.449951171875,1152.75,1137.550048828125,1146.5,1721557
2022-11-18,1151.3499755859375,1151.3499755859375,1122.0,1128.6500244140625,2082130
2022-11-21,1119.550048828125,1142.050048828125,1117.0,1139.0,2602264
2022-11-22,1143.0,1173.25,1138.5,1169.4000244140625,3927395
2022-11-23,1176.0,1183.0,1161.0,1174.3499755859375,3265438
2022-11-24,1180.0,1186.949951171875,1167.5999755859375,1175.550048828125,3496170
2022-11-25,1180.0,1193.800048828125,1176.050048828125,1187.0999755859375,4715695
2022-11-28,1180.0,1205.449951171875,1178.699951171875,1197.8499755859375,2846018
2022-11-29,1192.0,1199.8499755859375,1178.449951171875,1180.5999755859375,1875146
2022-11-30,1180.0,1183.699951171875,1163.0,1167.800048828125,2421938
2022-12-01,1175.0,1180.949951171875,1162.0999755859375,1173.9000244140625,2693170
2022-12-02,1169.6500244140625,1185.75,1167.050048828125,1178.699951171875,2299901
2022-12-05,1182.0,1198.0,1179.8499755859375,1195.5,3842074
2022-12-06,1198.949951171875,1208.0,1179.0,1184.0999755859375,3130375
2022-12-07,1184.0,1189.0,1161.449951171875,1164.6500244140625,2752097
2022-12-08,1165.0,1194.300048828125,1163.050048828125,1190.8499755859375,3666432
2022-12-09,1195.5,1216.0,1189.25,1202.5,6171282
2022-12-12,1201.300048828125,1219.9000244140625,1195.25,1206.75,2790292
2022-12-13,1212.800048828125,1240.949951171875,1209.5,1234.949951171875,4161518
2022-12-14,1241.75,1257.0,1233.0,1253.1500244140625,3913725
2022-12-15,1252.75,1273.550048828125,1235.0,1239.5999755859375,3097282
2022-12-16,1235.0,1248.800048828125,1208.199951171875,1229.550048828125,1944616
2022-12-19,1233.949951171875,1241.699951171875,1212.0999755859375,1223.550048828125,1382378
2022-12-20,1215.0,1234.3499755859375,1209.949951171875,1228.6500244140625,1245359
2022-12-21,1236.0,1238.1500244140625,1190.949951171875,1201.800048828125,1495106
2022-12-22,1207.8499755859375,1208.800048828125,1170.199951171875,1180.1500244140625,2126536
2022-12-23,1160.050048828125,1179.699951171875,1143.0,1147.8499755859375,2621761
2022-12-26,1150.0,1208.0,1141.0,1195.699951171875,2100374
2022-12-27,1201.6500244140625,1209.949951171875,1185.0,1202.3499755859375,1462244
2022-12-28,1198.0,1227.0,1194.0,1214.1500244140625,2834356
2022-12-29,1206.0,1234.9000244140625,1201.800048828125,1231.1500244140625,3134405
2022-12-30,1238.0,1238.0,1211.5,1220.0999755859375,1767556
2023-01-02,1220.0999755859375,1231.0999755859375,1211.75,1226.3499755859375,2587946
2023-01-03,1226.550048828125,1249.8499755859375,1222.300048828125,1240.949951171875,2195814
2023-01-04,1258.0,1273.4000244140625,1206.0999755859375,1223.0999755859375,8001367
2023-01-05,1229.25,1232.5,1203.800048828125,1215.8499755859375,2364186
2023-01-06,1214.0,1217.699951171875,1176.0999755859375,1181.9000244140625,3029739
2023-01-09,1190.1500244140625,1223.5999755859375,1188.050048828125,1218.6500244140625,2836421
2023-01-10,1215.0,1231.1500244140625,1205.0,1227.550048828125,2442613
2023-01-11,1232.4000244140625,1238.199951171875,1207.4000244140625,1213.25,2675249
2023-01-12,1214.0,1224.75,1197.300048828125,1209.1500244140625,1862790
2023-01-13,1213.0,1237.300048828125,1210.0999755859375,1234.4000244140625,2184432
2023-01-16,1240.0,1250.0,1232.5999755859375,1239.25,2398823
2023-01-17,1240.0,1240.0,1212.699951171875,1230.3499755859375,1803413
2023-01-18,1232.0,1238.0,1218.0,1223.0,1865108
2023-01-19,1215.0,1245.0,1183.25,1200.550048828125,9691261
2023-01-20,1208.5999755859375,1228.0,1198.5,1202.449951171875,4144033
2023-01-23,1212.699951171875,1220.1500244140625,1200.5,1204.699951171875,1848813
2023-01-24,1206.300048828125,1219.800048828125,1198.3499755859375,1212.300048828125,2472106
2023-01-25,1210.0,1211.0,1151.3499755859375,1156.1500244140625,3420414
2023-01-27,1163.050048828125,1168.6500244140625,1106.0,1116.4000244140625,4781085
2023-01-30,1110.0,1124.800048828125,1055.0,1089.050048828125,7991091
2023-01-31,1097.050048828125,1098.8499755859375,1068.3499755859375,1082.949951171875,6080048
2023-02-01,1094.0,1119.0,990.0,1041.8499755859375,7563064
2023-02-02,1034.9000244140625,1081.0,1028.4000244140625,1075.9000244140625,4494575
2023-02-03,1110.0,1131.0,1079.0,1103.550048828125,9207051
2023-02-06,1109.0,1135.0,1100.449951171875,1129.1500244140625,2865938
2023-02-07,1134.0,1148.1500244140625,1122.5,1142.9000244140625,3603258
2023-02-08,1144.0,1151.25,1136.0,1145.3499755859375,1675932
2023-02-09,1150.1500244140625,1168.199951171875,1138.300048828125,1163.800048828125,2284751
2023-02-10,1160.0,1167.0,1147.0999755859375,1161.199951171875,2126093
2023-02-13,1165.0,1170.0,1148.5999755859375,1157.3499755859375,2112106
2023-02-14,1160.699951171875,1162.0,1137.0,1156.8499755859375,2433798
2023-02-15,1155.0,1160.449951171875,1145.0,1149.5999755859375,2050158
2023-02-16,1155.3499755859375,1156.0999755859375,1143.699951171875,1148.3499755859375,1918858
2023-02-17,1142.0,1143.9000244140625,1109.0,1114.699951171875,3146155
2023-02-20,1117.25,1122.800048828125,1103.800048828125,1109.300048828125,1613608
2023-02-21,1110.0,1112.1500244140625,1096.0,1101.75,1767689
2023-02-22,1096.75,1096.949951171875,1079.199951171875,1092.75,1983022
2023-02-23,1092.699951171875,1097.550048828125,1066.6500244140625,1075.5999755859375,3193602
2023-02-24,1080.050048828125,1089.6500244140625,1069.5999755859375,1079.1500244140625,1862986
2023-02-27,1079.949951171875,1089.8499755859375,1067.050048828125,1081.949951171875,2047252
2023-02-28,1082.5,1089.9000244140625,1068.050048828125,1077.699951171875,1360243
2023-03-01,1077.050048828125,1106.550048828125,1070.0999755859375,1100.449951171875,4006038
2023-03-02,1099.949951171875,1110.5,1093.4000244140625,1102.050048828125,3831094
2023-03-03,1109.0,1133.199951171875,1104.75,1126.4000244140625,3365349
2023-03-06,1132.0,1140.0,1116.6500244140625,1120.5999755859375,3623590
2023-03-08,1109.6500244140625,1179.0,1105.550048828125,1174.25,7227479
2023-03-09,1174.25,1182.6500244140625,1162.300048828125,1169.800048828125,3086720
2023-03-10,1155.0999755859375,1162.25,1138.0,1144.800048828125,3255900
2023-03-13,1119.0,1119.5,1055.0,1060.0999755859375,12242080
2023-03-14,1060.0999755859375,1082.4000244140625,1052.199951171875,1064.0,5410127
2023-03-15,1079.800048828125,1086.550048828125,1040.0,1044.3499755859375,4117107
2023-03-16,1040.0,1041.949951171875,1001.9000244140625,1017.7999877929688,9261210
2023-03-17,1038.0,1038.5999755859375,1006.25,1020.5,5324960
2023-03-20,1020.0,1020.0,990.2000122070312,1002.2999877929688,5439347
2023-03-21,1007.3499755859375,1029.949951171875,996.0,1022.8499755859375,6200518
2023-03-22,1028.0,1044.0,1024.1500244140625,1031.1500244140625,2992139
2023-03-23,1028.1500244140625,1046.199951171875,1014.25,1018.25,3703523
2023-03-24,1019.0,1024.949951171875,1004.6500244140625,1009.5499877929688,2709449
2023-03-27,1014.0,1020.9500122070312,1004.0,1012.8499755859375,2116764
2023-03-28,1017.7000122070312,1038.4000244140625,1007.2000122070312,1036.1500244140625,4396283
2023-03-29,1031.0,1063.949951171875,1025.0,1057.0999755859375,5803091
2023-03-31,1063.0,1076.0,1060.4000244140625,1067.949951171875,3097113
2023-04-03,1073.0,1081.1500244140625,1064.0,1078.75,1534155
2023-04-05,1089.0,1089.199951171875,1060.0999755859375,1067.199951171875,2979782
2023-04-06,1067.199951171875,1093.449951171875,1064.25,1082.0,3458673
2023-04-10,1082.0,1083.0,1063.0,1069.300048828125,1602094
2023-04-11,1077.4000244140625,1078.0999755859375,1055.050048828125,1074.199951171875,1932390
2023-04-12,1073.5,1077.0999755859375,1057.550048828125,1074.75,3005913
2023-04-13,1073.0,1114.5,1007.9500122070312,1109.300048828125,6082307
2023-04-17,1107.4000244140625,1136.699951171875,1105.0,1124.3499755859375,5360050
2023-04-18,1130.0,1149.5,1127.050048828125,1146.9000244140625,4455007
2023-04-19,1143.0,1145.9000244140625,1118.550048828125,1120.4000244140625,2207739
2023-04-20,1118.949951171875,1131.550048828125,1112.4000244140625,1126.199951171875,2530597
2023-04-21,1126.199951171875,1135.75,1108.3499755859375,1116.3499755859375,1894300
2023-04-24,1130.75,1141.0,1092.0,1102.0,7711772
2023-04-25,1119.949951171875,1127.5999755859375,1113.0999755859375,1121.75,5268567
2023-04-26,1117.75,1139.800048828125,1115.1500244140625,1137.800048828125,2688362
2023-04-27,1140.0,1148.449951171875,1130.0,1144.75,2990958
2023-04-28,1148.75,1157.550048828125,1135.0,1152.800048828125,2239678
2023-05-02,1158.949951171875,1161.8499755859375,1150.0,1150.9000244140625,2000569
2023-05-03,1142.5,1159.9000244140625,1140.300048828125,1146.1500244140625,1816420
2023-05-04,1146.1500244140625,1151.0,1129.0,1134.5999755859375,2752160
2023-05-05,1131.0,1154.949951171875,1065.3499755859375,1073.300048828125,8504838
2023-05-08,1087.0,1134.6500244140625,1087.0,1126.3499755859375,6764292
2023-05-09,1135.0,1149.9000244140625,1131.0999755859375,1140.5999755859375,4181498
2023-05-10,1155.0,1175.800048828125,1150.0,1172.550048828125,6466598
2023-05-11,1175.0,1200.0,1169.25,1187.449951171875,6086958
2023-05-12,1192.5,1214.0,1176.050048828125,1208.6500244140625,3983609
2023-05-15,1208.5999755859375,1222.6500244140625,1196.0,1219.550048828125,3323300
2023-05-16,1219.550048828125,1226.0999755859375,1208.6500244140625,1220.300048828125,2888698
2023-05-17,1217.050048828125,1248.0,1214.0,1236.1500244140625,4661849
2023-05-18,1248.0,1248.0,1230.699951171875,1238.9000244140625,2489971
2023-05-19,1243.0,1251.0,1221.5999755859375,1248.0,2366675
2023-05-22,1247.0,1251.0,1232.5,1246.1500244140625,2106351
2023-05-23,1246.0,1266.9000244140625,1245.0,1260.199951171875,2142459
2023-05-24,1255.0,1275.9000244140625,1247.6500244140625,1271.75,2782379
2023-05-25,1268.949951171875,1271.9000244140625,1249.699951171875,1263.4000244140625,2589092
2023-05-26,1256.449951171875,1272.449951171875,1255.9000244140625,1268.050048828125,1981580
2023-05-29,1272.199951171875,1295.0,1272.0,1284.949951171875,2985334
2023-05-30,1284.949951171875,1296.1500244140625,1276.4000244140625,1293.25,1818000
2023-05-31,1289.0,1297.4000244140625,1277.25,1286.5999755859375,2764078
2023-06-01,1280.0,1298.0,1251.5,1290.1500244140625,3244947
2023-06-02,1282.4000244140625,1292.949951171875,1271.0,1288.199951171875,1912458
2023-06-05,1295.0,1306.449951171875,1282.6500244140625,1301.800048828125,3040374
2023-06-06,1302.0,1315.9000244140625,1300.0,1306.0,2902701
2023-06-07,1309.949951171875,1312.75,1303.199951171875,1311.199951171875,2679118
2023-06-08,1316.449951171875,1323.9000244140625,1300.0,1303.8499755859375,3215312
2023-06-09,1299.0,1336.4000244140625,1298.4000244140625,1331.050048828125,4233651
2023-06-12,1336.949951171875,1336.949951171875,1318.5999755859375,1332.449951171875,1904622
2023-06-13,1336.0,1342.9000244140625,1332.3499755859375,1336.25,3756073
2023-06-14,1335.050048828125,1336.25,1318.199951171875,1323.25,2858453
2023-06-15,1315.0,1319.949951171875,1288.5,1297.0999755859375,5952095
2023-06-16,1297.0999755859375,1318.5999755859375,1294.550048828125,1314.0,3508045
2023-06-19,1310.0,1317.25,1290.5999755859375,1301.4000244140625,2679485
2023-06-20,1295.0,1315.4000244140625,1285.199951171875,1298.4000244140625,2102065
2023-06-21,1297.75,1307.5,1284.4000244140625,1286.5999755859375,1490552
2023-06-22,1286.5999755859375,1289.050048828125,1269.050048828125,1272.699951171875,3185099
2023-06-23,1272.699951171875,1318.0,1262.0,1308.699951171875,4636121
2023-06-26,1314.800048828125,1326.5999755859375,1305.9000244140625,1315.050048828125,2236596
2023-06-27,1318.75,1320.949951171875,1297.3499755859375,1315.949951171875,2638788
2023-06-28,1325.0,1346.949951171875,1316.25,1334.050048828125,5550351
2023-06-30,1341.9000244140625,1382.25,1337.050048828125,1374.6500244140625,4590286
2023-07-03,1379.949951171875,1387.0,1367.5999755859375,1380.3499755859375,2890340
2023-07-04,1389.0,1394.0,1363.300048828125,1367.3499755859375,2262047
2023-07-05,1371.3499755859375,1413.0999755859375,1371.3499755859375,1399.550048828125,5288351
2023-07-06,1395.25,1396.699951171875,1373.4000244140625,1390.199951171875,3337234
2023-07-07,1384.550048828125,1393.949951171875,1353.0,1357.0999755859375,2922616
2023-07-10,1361.25,1372.4000244140625,1345.1500244140625,1367.0,1941110
2023-07-11,1372.0,1383.6500244140625,1370.0,1380.949951171875,2110648
2023-07-12,1371.949951171875,1384.800048828125,1351.0,1371.449951171875,4921224
2023-07-13,1384.0,1391.5,1366.4000244140625,1376.300048828125,5174896
2023-07-14,1376.199951171875,1383.949951171875,1367.0,1377.0,3885754
2023-07-17,1380.0,1404.75,1369.5999755859375,1390.5,4003275
2023-07-18,1398.0,1409.199951171875,1382.5,1390.25,4106331
2023-07-19,1430.0,1443.4000244140625,1410.0,1419.550048828125,8850582
2023-07-20,1426.0,1433.5,1418.199951171875,1425.1500244140625,4491531
2023-07-21,1422.050048828125,1430.3499755859375,1400.5999755859375,1407.3499755859375,2138540
2023-07-24,1408.5,1439.4000244140625,1405.300048828125,1435.699951171875,2738185
2023-07-25,1437.0,1446.0,1411.4000244140625,1415.449951171875,2982900
2023-07-26,1421.449951171875,1429.9000244140625,1411.199951171875,1427.699951171875,1537232
2023-07-27,1433.199951171875,1433.199951171875,1405.1500244140625,1415.5999755859375,3362598
2023-07-28,1415.199951171875,1421.949951171875,1397.5999755859375,1401.949951171875,1565680
2023-07-31,1409.3499755859375,1419.9000244140625,1396.0,1417.75,1721385
2023-08-01,1420.75,1423.199951171875,1389.3499755859375,1394.5999755859375,1578914
2023-08-02,1390.0,1394.1500244140625,1369.0999755859375,1381.25,1913777
2023-08-03,1376.25,1380.5999755859375,1354.050048828125,1364.5,3631489
2023-08-04,1370.050048828125,1414.9000244140625,1366.300048828125,1409.5999755859375,4063355
2023-08-07,1410.0,1417.6500244140625,1399.3499755859375,1415.25,2792582
2023-08-08,1415.25,1420.949951171875,1402.300048828125,1403.949951171875,1846797
2023-08-09,1405.0,1410.449951171875,1392.0,1408.449951171875,1218020
2023-08-10,1402.449951171875,1434.0,1400.0999755859375,1430.199951171875,3730443
2023-08-11,1431.75,1431.75,1392.75,1397.25,3074690
2023-08-14,1395.0,1397.5,1379.050048828125,1388.9000244140625,1783022
2023-08-16,1384.0,1388.050048828125,1367.0,1380.699951171875,2051360
2023-08-17,1381.1500244140625,1391.25,1370.0,1374.300048828125,3329471
2023-08-18,1369.0,1377.0,1360.8499755859375,1371.699951171875,1720129
2023-08-21,1375.0,1400.0,1366.199951171875,1397.800048828125,1763990
2023-08-22,1403.0,1404.5999755859375,1394.0999755859375,1401.1500244140625,1224910
2023-08-23,1401.1500244140625,1408.0,1392.1500244140625,1401.0,1681561
2023-08-24,1408.25,1435.0,1402.25,1425.1500244140625,3559546
2023-08-25,1417.949951171875,1421.449951171875,1389.050048828125,1401.1500244140625,1862535
2023-08-28,1400.0,1411.25,1393.800048828125,1409.449951171875,1072295
2023-08-29,1409.449951171875,1413.699951171875,1392.449951171875,1400.1500244140625,1831565
2023-08-30,1405.1500244140625,1410.9000244140625,1386.8499755859375,1392.449951171875,1500390
2023-08-31,1392.449951171875,1401.9000244140625,1363.25,1378.1500244140625,4106180
2023-09-01,1382.0,1423.5999755859375,1376.199951171875,1416.550048828125,2792033
2023-09-04,1423.8499755859375,1427.5,1415.0,1421.800048828125,998692
2023-09-05,1425.0,1429.800048828125,1416.3499755859375,1423.75,1469938
2023-09-06,1421.75,1421.75,1396.449951171875,1408.6500244140625,4046484
2023-09-07,1408.6500244140625,1443.199951171875,1398.0,1439.5999755859375,2278316
2023-09-08,1445.0,1459.949951171875,1434.0999755859375,1448.8499755859375,2862657
2023-09-11,1449.050048828125,1452.0,1431.75,1450.199951171875,2220230
2023-09-12,1450.0999755859375,1453.9000244140625,1425.0999755859375,1429.1500244140625,1943026
2023-09-13,1429.9000244140625,1459.6500244140625,1416.050048828125,1455.050048828125,4302942
2023-09-14,1459.949951171875,1467.8499755859375,1450.449951171875,1458.25,2407947
2023-09-15,1464.4000244140625,1464.4000244140625,1446.449951171875,1450.0,1647901
2023-09-18,1454.0,1462.75,1445.1500244140625,1456.9000244140625,1504046
2023-09-20,1441.0,1475.6500244140625,1422.300048828125,1440.449951171875,5683215
2023-09-21,1431.0,1443.6500244140625,1406.3499755859375,1411.300048828125,2514377
2023-09-22,1416.0,1463.5,1413.0,1452.9000244140625,4397398
2023-09-25,1451.5,1454.550048828125,1434.0999755859375,1442.75,2013653
2023-09-26,1440.0,1443.949951171875,1411.6500244140625,1423.050048828125,2870137
2023-09-27,1425.0,1439.0,1418.300048828125,1436.449951171875,3697690
2023-09-28,1437.0,1445.3499755859375,1409.449951171875,1413.0,5876746
2023-09-29,1415.050048828125,1439.949951171875,1399.300048828125,1428.8499755859375,2593595
2023-10-03,1432.0,1438.4000244140625,1420.0,1435.4000244140625,1442499
2023-10-04,1424.8499755859375,1428.5,1386.199951171875,1401.300048828125,3978667
2023-10-05,1408.699951171875,1415.4000244140625,1394.300048828125,1401.8499755859375,1647175
2023-10-06,1404.949951171875,1438.0,1401.0999755859375,1434.800048828125,2167139
2023-10-09,1420.0999755859375,1445.0,1410.0,1428.550048828125,1613546
2023-10-10,1434.0,1436.3499755859375,1412.050048828125,1420.550048828125,1874201
2023-10-11,1430.949951171875,1431.9000244140625,1414.550048828125,1421.199951171875,1855211
2023-10-12,1433.300048828125,1444.0,1421.0,1424.25,2069952
2023-10-13,1421.199951171875,1466.300048828125,1420.0,1463.699951171875,4480890
2023-10-16,1462.8499755859375,1462.8499755859375,1444.449951171875,1446.4000244140625,1913782
2023-10-17,1454.9000244140625,1458.449951171875,1425.550048828125,1436.0,1373704
2023-10-18,1437.0,1444.0,1415.5999755859375,1420.3499755859375,3067244
2023-10-19,1451.5,1464.699951171875,1423.050048828125,1450.3499755859375,13948984
2023-10-20,1448.0,1471.800048828125,1443.0999755859375,1469.0999755859375,5135316
2023-10-23,1469.0,1469.75,1430.050048828125,1435.0,3319090
2023-10-25,1444.949951171875,1446.949951171875,1410.050048828125,1412.699951171875,4045910
2023-10-26,1412.6500244140625,1429.300048828125,1393.6500244140625,1414.6500244140625,4194418
2023-10-27,1420.0,1444.5,1412.699951171875,1441.300048828125,2424655
2023-10-30,1440.0,1460.9000244140625,1428.0,1454.6500244140625,2255111
2023-10-31,1456.0,1460.0,1436.550048828125,1441.300048828125,1454345
2023-11-01,1443.9000244140625,1445.5999755859375,1427.1500244140625,1432.5999755859375,2658439
2023-11-02,1447.0,1479.949951171875,1439.0999755859375,1461.199951171875,4524652
2023-11-03,1471.0,1475.0,1448.0,1450.25,3052041
2023-11-06,1463.0,1471.9000244140625,1456.0,1470.25,2090640
2023-11-07,1469.550048828125,1490.449951171875,1464.25,1486.4000244140625,2830149
2023-11-08,1493.949951171875,1495.949951171875,1481.25,1488.949951171875,3210977
2023-11-09,1488.949951171875,1516.300048828125,1484.8499755859375,1507.3499755859375,3207721
2023-11-10,1499.949951171875,1509.449951171875,1493.1500244140625,1498.800048828125,2247500
2023-11-13,1502.0,1516.0,1496.1500244140625,1509.5999755859375,2026629
2023-11-15,1538.5,1538.5,1490.25,1493.949951171875,6293703
2023-11-16,1500.0,1506.5999755859375,1493.0,1498.6500244140625,2728834
2023-11-17,1490.550048828125,1509.0,1485.550048828125,1498.449951171875,4182376
2023-11-20,1498.9000244140625,1509.449951171875,1490.699951171875,1504.800048828125,2125867
2023-11-21,1505.5,1507.449951171875,1494.0999755859375,1502.050048828125,1661103
2023-11-22,1500.0,1505.5,1458.949951171875,1470.4000244140625,3914008
2023-11-23,1475.0,1496.25,1470.449951171875,1486.0999755859375,3832098
2023-11-24,1491.449951171875,1491.9000244140625,1474.0,1476.199951171875,2813844
2023-11-28,1480.0,1486.800048828125,1468.0,1477.550048828125,4305915
2023-11-29,1484.0,1489.550048828125,1471.25,1483.550048828125,3477076
2023-11-30,1500.0,1500.0,1450.050048828125,1466.0999755859375,45549217
2023-12-01,1479.0,1493.0,1458.1500244140625,1461.050048828125,4063279
2023-12-04,1490.0,1517.550048828125,1473.449951171875,1514.6500244140625,4254987
2023-12-05,1519.800048828125,1525.5,1486.5,1506.5999755859375,3457904
2023-12-06,1517.0,1521.3499755859375,1493.3499755859375,1501.5999755859375,3405245
2023-12-07,1505.0,1514.949951171875,1496.050048828125,1504.75,1931490
2023-12-08,1510.0,1520.949951171875,1494.050048828125,1508.949951171875,2568088
2023-12-11,1512.800048828125,1537.949951171875,1510.0,1521.8499755859375,2194782
2023-12-12,1528.9000244140625,1528.9000244140625,1489.949951171875,1497.0,1621785
2023-12-13,1502.0,1512.6500244140625,1495.0,1506.9000244140625,2562565
2023-12-14,1523.0,1554.5,1515.5999755859375,1551.699951171875,3427500
2023-12-15,1552.949951171875,1578.0,1547.050048828125,1570.800048828125,3478643
2023-12-18,1570.0,1570.0,1552.0,1556.3499755859375,1352458
2023-12-19,1556.3499755859375,1586.050048828125,1542.199951171875,1566.550048828125,2297704
2023-12-20,1578.0,1581.0,1549.5,1556.1500244140625,3218717
2023-12-21,1542.0999755859375,1574.0,1527.550048828125,1570.0,2400593
2023-12-22,1574.300048828125,1591.0999755859375,1557.9000244140625,1562.3499755859375,2214206
2023-12-26,1562.949951171875,1582.75,1557.0,1570.800048828125,1129332
2023-12-27,1573.1500244140625,1600.0,1567.300048828125,1597.449951171875,1887827
2023-12-28,1600.0,1618.699951171875,1592.0,1610.550048828125,3143161
2023-12-29,1615.0,1618.9000244140625,1587.050048828125,1598.949951171875,1779207
2024-01-01,1598.949951171875,1611.4000244140625,1591.800048828125,1598.8499755859375,1341121
2024-01-02,1594.0999755859375,1598.25,1570.0,1575.5999755859375,1227193
2024-01-03,1575.5,1604.949951171875,1558.0,1601.1500244140625,2620296
2024-01-04,1593.0,1655.0,1593.0,1648.550048828125,4271262
2024-01-05,1654.0,1654.0,1629.0,1643.199951171875,2294140
2024-01-08,1633.0,1650.050048828125,1622.0,1627.0999755859375,1791003
2024-01-09,1631.949951171875,1643.9000244140625,1621.0,1625.0999755859375,1619091
2024-01-10,1620.0,1642.75,1620.0,1640.1500244140625,1629958
2024-01-11,1643.949951171875,1668.199951171875,1642.550048828125,1657.8499755859375,1914421
2024-01-12,1657.8499755859375,1677.8499755859375,1647.4000244140625,1674.0,2161848
2024-01-15,1684.800048828125,1694.5,1668.050048828125,1688.8499755859375,2930339
2024-01-16,1688.8499755859375,1691.75,1663.050048828125,1667.050048828125,1316138
2024-01-17,1650.0,1677.050048828125,1631.8499755859375,1643.9000244140625,6683398
2024-01-18,1634.949951171875,1639.5999755859375,1595.0999755859375,1612.9000244140625,3557256
2024-01-19,1622.699951171875,1631.75,1550.199951171875,1561.0999755859375,10982524
2024-01-23,1535.0,1547.9000244140625,1428.050048828125,1441.699951171875,10097057
2024-01-24,1459.949951171875,1495.800048828125,1442.0,1490.8499755859375,9155544
2024-01-25,1490.0,1543.949951171875,1488.5999755859375,1512.0,8118578
2024-01-29,1523.0,1537.75,1515.3499755859375,1526.800048828125,3058020
2024-01-30,1530.0,1544.449951171875,1510.050048828125,1519.9000244140625,1721705
2024-01-31,1519.199951171875,1548.0,1507.1500244140625,1534.050048828125,3867886
2024-02-01,1537.75,1547.550048828125,1523.550048828125,1541.1500244140625,2240634
2024-02-02,1551.0,1564.8499755859375,1529.550048828125,1533.75,3554450
2024-02-05,1532.75,1550.0,1521.800048828125,1537.800048828125,2624023
2024-02-06,1550.0,1550.449951171875,1504.1500244140625,1511.4000244140625,3312270
2024-02-07,1522.4000244140625,1522.4000244140625,1492.199951171875,1515.3499755859375,4066189
2024-02-08,1522.699951171875,1540.949951171875,1470.0,1477.300048828125,2931291
2024-02-09,1480.25,1491.4000244140625,1462.6500244140625,1486.25,2388841
2024-02-12,1488.199951171875,1497.0,1442.1500244140625,1447.1500244140625,2821957
2024-02-13,1452.4000244140625,1476.25,1430.6500244140625,1463.9000244140625,4601482
2024-02-14,1450.050048828125,1494.5,1435.949951171875,1481.5,4208176
2024-02-15,1491.0,1492.8499755859375,1460.300048828125,1476.949951171875,1906763
2024-02-16,1485.949951171875,1506.5,1471.0,1493.6500244140625,1844045
2024-02-19,1499.9000244140625,1502.800048828125,1477.0,1483.5999755859375,1209609
2024-02-20,1489.0,1508.0,1475.050048828125,1504.199951171875,2390096
2024-02-21,1520.0,1526.800048828125,1502.5,1517.25,5259113
2024-02-22,1517.25,1520.0,1463.5,1489.1500244140625,4969478
2024-02-23,1498.449951171875,1504.9000244140625,1475.050048828125,1480.300048828125,2557861
2024-02-26,1481.0,1486.0,1463.9000244140625,1466.5,2077787
2024-02-27,1466.5,1497.3499755859375,1458.5,1493.050048828125,2843312
2024-02-28,1495.0,1503.449951171875,1442.5,1449.199951171875,2661887
2024-02-29,1451.0,1484.0,1440.0,1474.9000244140625,4216252
2024-03-01,1480.0,1528.75,1477.8499755859375,1526.6500244140625,3549401
2024-03-04,1529.949951171875,1538.949951171875,1520.3499755859375,1531.300048828125,2985524
2024-03-05,1529.6500244140625,1547.0,1524.0,1542.449951171875,2694157
2024-03-06,1542.449951171875,1564.75,1536.550048828125,1554.550048828125,5167456
2024-03-07,1556.449951171875,1571.5,1546.050048828125,1563.75,2285176
2024-03-11,1566.0999755859375,1568.75,1536.5999755859375,1541.050048828125,1694488
2024-03-12,1541.050048828125,1555.949951171875,1528.5,1533.050048828125,1918571
2024-03-13,1535.0,1540.5999755859375,1495.0,1502.6500244140625,4165036
2024-03-14,1471.550048828125,1506.9000244140625,1469.199951171875,1476.75,3652530
2024-03-15,1474.0,1489.5,1456.699951171875,1484.3499755859375,2985042
2024-03-18,1487.25,1491.5999755859375,1466.300048828125,1480.699951171875,2365287
2024-03-19,1476.050048828125,1482.949951171875,1430.8499755859375,1434.0999755859375,3180412
2024-03-20,1440.0,1464.0,1422.699951171875,1441.550048828125,5480729
2024-03-21,1460.0,1486.9000244140625,1459.0,1484.0999755859375,3870591
2024-03-22,1477.75,1520.3499755859375,1473.0,1512.0999755859375,5309042
2024-03-26,1512.0999755859375,1523.5999755859375,1502.199951171875,1518.699951171875,9046136
2024-03-27,1519.0,1542.949951171875,1514.449951171875,1533.550048828125,8408702
2024-03-28,1534.75,1564.5,1533.5999755859375,1553.0,3964429
2024-04-01,1553.0,1572.75,1539.0,1542.4000244140625,2159432
2024-04-02,1542.949951171875,1570.949951171875,1537.0,1559.4000244140625,2335256
2024-04-03,1554.0,1556.9000244140625,1538.050048828125,1542.6500244140625,3711781
2024-04-04,1548.050048828125,1550.449951171875,1511.199951171875,1544.449951171875,6077155
2024-04-05,1552.0,1556.3499755859375,1528.0999755859375,1552.4000244140625,3286862
2024-04-08,1560.0,1576.3499755859375,1550.0,1568.3499755859375,2372626
2024-04-09,1574.9000244140625,1574.9000244140625,1541.0,1554.949951171875,1176425
2024-04-10,1564.8499755859375,1564.8499755859375,1548.0,1552.8499755859375,2528578
2024-04-12,1546.0,1562.699951171875,1542.0,1555.6500244140625,1749128
2024-04-15,1544.949951171875,1557.9000244140625,1530.0,1539.9000244140625,1528341
2024-04-16,1530.0,1534.800048828125,1487.949951171875,1490.949951171875,3981325
2024-04-18,1502.800048828125,1508.3499755859375,1468.1500244140625,1474.4000244140625,3856849
2024-04-19,1466.0,1490.25,1444.4000244140625,1482.050048828125,4311650
2024-04-22,1494.0,1501.0,1469.949951171875,1477.5,2887202
2024-04-23,1482.800048828125,1485.800048828125,1471.0999755859375,1474.5,1206443
2024-04-24,1477.0,1483.25,1462.75,1474.6500244140625,2964953
2024-04-25,1476.050048828125,1499.5,1470.550048828125,1496.0999755859375,3697957
2024-04-26,1511.5,1519.0,1443.300048828125,1446.4000244140625,6135488
2024-04-29,1458.75,1491.0,1450.0999755859375,1487.25,5463640
2024-04-30,1497.800048828125,1537.0,1489.0,1515.699951171875,6293171
2024-05-02,1508.0,1521.300048828125,1500.050048828125,1505.199951171875,2554549
2024-05-03,1517.199951171875,1517.949951171875,1473.050048828125,1483.699951171875,2119368
2024-05-06,1495.699951171875,1510.0,1482.050048828125,1497.5,2600170
2024-05-07,1497.5,1502.6500244140625,1448.0,1452.550048828125,1884596
2024-05-08,1455.0,1455.0,1431.4000244140625,1442.5,5278612
2024-05-09,1445.5,1456.5999755859375,1393.449951171875,1401.449951171875,3272042
2024-05-10,1402.0,1424.5,1395.550048828125,1410.1500244140625,1575172
2024-05-13,1415.3499755859375,1417.75,1377.25,1404.550048828125,3624862
2024-05-14,1407.0,1429.3499755859375,1402.800048828125,1421.0,1279355
2024-05-15,1421.0,1429.8499755859375,1407.4000244140625,1417.0999755859375,2516309
2024-05-16,1420.199951171875,1425.0,1385.6500244140625,1408.75,5666243
2024-05-17,1408.0,1417.0999755859375,1395.0,1412.3499755859375,3673405
2024-05-21,1420.0,1420.8499755859375,1400.0,1406.5,3010012
2024-05-22,1409.0,1413.1500244140625,1391.8499755859375,1404.949951171875,6739695
2024-05-23,1408.550048828125,1451.0,1406.5999755859375,1440.8499755859375,6444146
2024-05-24,1441.0,1448.75,1427.8499755859375,1441.800048828125,2155290
2024-05-27,1447.8499755859375,1475.5999755859375,1439.300048828125,1465.0999755859375,3253683
2024-05-28,1472.800048828125,1478.800048828125,1449.0999755859375,1459.3499755859375,2381333
2024-05-29,1453.0,1471.6500244140625,1439.25,1460.25,4383563
2024-05-30,1458.0,1477.699951171875,1439.1500244140625,1446.800048828125,3415942
2024-05-31,1456.0,1469.9000244140625,1446.550048828125,1461.8499755859375,3546505
2024-06-03,1514.949951171875,1534.9000244140625,1496.4000244140625,1529.699951171875,8265525
2024-06-04,1509.949951171875,1521.9000244140625,1363.550048828125,1391.5,7911282
2024-06-05,1400.5,1515.800048828125,1372.3499755859375,1500.949951171875,11014467
2024-06-06,1500.0,1509.800048828125,1470.9000244140625,1481.0999755859375,3279775
2024-06-07,1468.550048828125,1498.4000244140625,1463.449951171875,1492.0999755859375,3964791
2024-06-10,1498.5,1505.800048828125,1480.0999755859375,1485.8499755859375,2416022
2024-06-11,1485.0,1491.0,1475.199951171875,1481.050048828125,1737873
2024-06-12,1491.0,1492.25,1473.0,1484.25,5419536
2024-06-13,1496.0,1510.0,1481.199951171875,1507.25,2446832
2024-06-14,1510.5,1515.9000244140625,1495.949951171875,1502.3499755859375,2706742
2024-06-18,1514.0,1516.550048828125,1499.0999755859375,1507.9000244140625,2811967
2024-06-19,1516.199951171875,1550.0,1513.25,1528.199951171875,11002582
2024-06-20,1536.0,1540.75,1513.0,1527.8499755859375,3589441
2024-06-21,1523.0,1537.800048828125,1511.25,1527.1500244140625,5249389
2024-06-24,1507.1500244140625,1508.9000244140625,1478.199951171875,1490.4000244140625,4609137
2024-06-25,1494.75,1502.1500244140625,1482.199951171875,1495.550048828125,3309896
2024-06-26,1498.0,1521.0,1481.550048828125,1497.9000244140625,5605220
2024-06-27,1494.0,1504.949951171875,1485.0,1502.75,5166134
2024-06-28,1491.0,1491.0,1460.5,1464.5,6425323
2024-07-01,1468.949951171875,1469.0,1452.949951171875,1456.9000244140625,3166439
2024-07-02,1457.4000244140625,1460.449951171875,1420.6500244140625,1429.449951171875,4644571
2024-07-03,1438.9000244140625,1458.0,1421.9000244140625,1455.5,5907225
2024-07-04,1455.449951171875,1457.8499755859375,1436.199951171875,1442.8499755859375,3010077
2024-07-05,1437.0,1449.699951171875,1426.0,1434.25,4216309
2024-07-08,1428.0,1441.699951171875,1422.800048828125,1438.050048828125,2772277
2024-07-09,1441.0,1449.5999755859375,1426.0,1434.25,3126274
2024-07-10,1433.5,1433.5,1415.050048828125,1425.949951171875,3979121
2024-07-11,1427.949951171875,1435.8499755859375,1415.699951171875,1429.75,2416195
2024-07-12,1432.0,1450.949951171875,1427.3499755859375,1434.550048828125,3340305
2024-07-15,1438.5,1449.0,1433.0,1444.050048828125,4284427
2024-07-16,1445.050048828125,1450.0,1435.75,1445.9000244140625,2284985
2024-07-18,1440.699951171875,1460.8499755859375,1438.0,1456.9000244140625,3634938
2024-07-19,1451.550048828125,1452.0,1429.0,1432.449951171875,2981749
2024-07-22,1428.0,1429.949951171875,1409.5999755859375,1423.4000244140625,2883674
2024-07-23,1422.5,1427.0,1395.6500244140625,1413.199951171875,3054925
2024-07-24,1409.800048828125,1412.5,1386.4000244140625,1396.6500244140625,5553500
2024-07-25,1389.0,1396.550048828125,1374.0,1379.0999755859375,3631639
2024-07-26,1365.0,1409.0,1359.050048828125,1403.9000244140625,3607419
2024-07-29,1415.0,1444.949951171875,1406.449951171875,1411.5,5955870
2024-07-30,1411.5,1432.699951171875,1407.199951171875,1429.699951171875,2158067
2024-07-31,1435.0,1435.0,1414.050048828125,1427.800048828125,3926481
2024-08-01,1432.0,1440.0,1416.800048828125,1419.8499755859375,4074181
2024-08-02,1413.949951171875,1413.949951171875,1392.699951171875,1404.300048828125,3268026
2024-08-05,1388.0,1396.199951171875,1369.0,1389.449951171875,3532894
2024-08-06,1395.0,1407.300048828125,1376.25,1381.0,2425599
2024-08-07,1391.0,1399.5,1329.199951171875,1345.1500244140625,8728852
2024-08-08,1347.949951171875,1355.800048828125,1334.0,1347.300048828125,3669342
2024-08-09,1367.0,1367.0,1338.050048828125,1349.800048828125,5082087
2024-08-12,1349.800048828125,1357.5999755859375,1336.6500244140625,1350.8499755859375,4436342
2024-08-13,1355.0,1371.6500244140625,1343.5,1350.5999755859375,3905817
2024-08-14,1356.949951171875,1356.949951171875,1335.949951171875,1338.0999755859375,4868357
2024-08-16,1347.0999755859375,1367.9000244140625,1338.550048828125,1364.1500244140625,5456176
2024-08-19,1370.050048828125,1375.800048828125,1345.550048828125,1347.5999755859375,5895105
2024-08-20,1363.9000244140625,1391.6500244140625,1357.199951171875,1381.300048828125,5507239
2024-08-21,1380.0,1387.3499755859375,1366.4000244140625,1384.0,5441231
2024-08-22,1384.050048828125,1395.949951171875,1379.5999755859375,1381.9000244140625,3510879
2024-08-23,1382.0,1390.300048828125,1373.800048828125,1388.550048828125,2252945
2024-08-26,1395.300048828125,1395.550048828125,1379.800048828125,1384.5,2541300
2024-08-27,1385.9000244140625,1387.1500244140625,1377.550048828125,1383.199951171875,1167406
2024-08-28,1389.050048828125,1421.949951171875,1382.550048828125,1415.75,6532773
2024-08-29,1414.199951171875,1423.050048828125,1405.25,1417.449951171875,3316387
2024-08-30,1422.1500244140625,1430.0,1415.550048828125,1425.25,2792988
2024-09-02,1425.25,1451.25,1425.25,1449.050048828125,4024426
2024-09-03,1450.0,1451.9000244140625,1433.9000244140625,1436.699951171875,2351018
2024-09-04,1417.0,1439.25,1417.0,1434.4000244140625,2919356
2024-09-05,1443.0,1444.0,1418.9000244140625,1422.9000244140625,3427784
2024-09-06,1426.449951171875,1438.199951171875,1401.5,1409.3499755859375,2608515
2024-09-09,1409.3499755859375,1431.0,1400.0999755859375,1428.0999755859375,1802343
2024-09-10,1428.9000244140625,1438.5,1420.5999755859375,1435.550048828125,2414043
2024-09-11,1435.4000244140625,1438.949951171875,1417.800048828125,1421.199951171875,2622902
2024-09-12,1425.1500244140625,1446.5,1420.1500244140625,1443.3499755859375,2437399
2024-09-13,1450.0,1470.949951171875,1442.3499755859375,1464.050048828125,2999055
2024-09-16,1469.949951171875,1473.949951171875,1461.0999755859375,1470.199951171875,1495683
2024-09-17,1478.0,1483.5,1462.25,1466.3499755859375,1866702
2024-09-18,1470.0,1488.75,1461.1500244140625,1480.25,3966006
2024-09-19,1494.949951171875,1498.0,1474.9000244140625,1484.75,3861906
2024-09-20,1488.0,1491.949951171875,1473.199951171875,1480.199951171875,5335400
2024-09-23,1490.199951171875,1490.8499755859375,1453.050048828125,1465.0999755859375,4610747
2024-09-24,1470.0999755859375,1474.0999755859375,1446.0,1448.300048828125,3893140
2024-09-25,1450.0,1456.0,1432.25,1439.5,3012173
2024-09-26,1445.0,1457.300048828125,1437.300048828125,1452.699951171875,3388674
2024-09-27,1457.0,1481.0,1454.0,1462.699951171875,4708951
2024-09-30,1467.0,1474.800048828125,1437.0,1447.5999755859375,2888962
2024-10-01,1450.0,1450.300048828125,1404.6500244140625,1409.699951171875,3377999
2024-10-03,1404.0,1412.699951171875,1382.050048828125,1387.75,2081630
2024-10-04,1384.050048828125,1410.949951171875,1380.8499755859375,1382.8499755859375,2178195
2024-10-07,1388.0,1394.050048828125,1338.199951171875,1350.8499755859375,3878973
2024-10-08,1357.8499755859375,1371.0,1343.550048828125,1359.550048828125,2429248
2024-10-09,1369.0,1371.5,1335.550048828125,1341.550048828125,5269772
2024-10-10,1350.0,1362.0,1344.300048828125,1356.4000244140625,1673393
2024-10-11,1360.0999755859375,1371.300048828125,1339.0,1347.5999755859375,2755874
2024-10-14,1354.5999755859375,1371.5,1348.300048828125,1370.449951171875,1381439
2024-10-15,1371.0,1374.449951171875,1349.449951171875,1360.9000244140625,2775029
2024-10-16,1355.0,1358.3499755859375,1341.0999755859375,1346.300048828125,2126519
2024-10-17,1348.0,1354.25,1337.0,1347.3499755859375,1353852
2024-10-18,1345.0,1354.949951171875,1331.0,1347.25,3676670
2024-10-21,1352.050048828125,1353.949951171875,1299.5999755859375,1308.25,5862686
2024-10-22,1309.0999755859375,1312.199951171875,1271.25,1274.3499755859375,4183194
2024-10-23,1274.3499755859375,1284.9000244140625,1266.5,1274.300048828125,4860497
2024-10-24,1276.0,1285.949951171875,1258.1500244140625,1280.050048828125,2441333
2024-10-25,1163.0,1166.75,1025.5,1041.5999755859375,56935420
2024-10-28,1051.4000244140625,1084.6500244140625,1031.0,1054.800048828125,11099823
2024-10-29,1058.800048828125,1058.800048828125,1018.0999755859375,1038.1500244140625,7951124
2024-10-30,1037.6500244140625,1069.4000244140625,1030.25,1056.4000244140625,8907271
2024-10-31,1054.0,1066.9000244140625,1044.0,1055.5999755859375,4509824
2024-11-01,1061.449951171875,1069.9000244140625,1058.550048828125,1062.5,441083
2024-11-04,1067.0,1070.5,1054.0999755859375,1063.800048828125,5143749
2024-11-05,1063.699951171875,1092.4000244140625,1062.0,1090.0999755859375,4840541
2024-11-06,1092.300048828125,1098.5999755859375,1068.25,1077.6500244140625,7153974
2024-11-07,1086.0,1086.0,1051.0,1056.800048828125,4901367
2024-11-08,1061.449951171875,1061.449951171875,1048.050048828125,1053.800048828125,2107903
2024-11-11,1053.0,1067.5,1040.0,1060.800048828125,4918839
2024-11-12,1061.300048828125,1065.449951171875,1051.550048828125,1059.550048828125,2186055
2024-11-13,1053.800048828125,1067.800048828125,1032.199951171875,1036.699951171875,4850346
2024-11-14,1043.0,1045.0,1015.0,1017.1500244140625,2612235
2024-11-18,1015.5,1017.9500122070312,1000.0499877929688,1004.5999755859375,5427908
2024-11-19,1010.5,1032.0,998.0999755859375,1000.2000122070312,5718490
2024-11-21,1000.4000244140625,1003.0,966.4000244140625,981.4500122070312,6606440
2024-11-22,986.0,1002.4500122070312,981.4000244140625,998.2000122070312,4026863
2024-11-25,1020.0,1022.0499877929688,997.0499877929688,1003.5,6491357
2024-11-26,1011.7000122070312,1017.7000122070312,998.0999755859375,1009.5999755859375,2390208
2024-11-27,1012.0,1012.0,994.5,1001.9500122070312,4798242
2024-11-28,1005.9500122070312,1013.4000244140625,991.3499755859375,993.5999755859375,4822835
2024-11-29,998.0999755859375,999.5,987.2999877929688,995.8499755859375,4815934
2024-12-02,990.0499877929688,993.1500244140625,979.0,990.9500122070312,4969967
2024-12-03,993.0,1011.5,991.4000244140625,998.3499755859375,4665094
2024-12-04,1005.0,1005.9500122070312,990.5,998.8499755859375,4256690
2024-12-05,1006.0,1006.0,990.5499877929688,998.2000122070312,5254145
2024-12-06,1000.0,1003.0499877929688,986.2999877929688,990.3499755859375,6258019
2024-12-09,992.7999877929688,994.0,977.7999877929688,982.5999755859375,3565285
2024-12-10,983.0,988.4000244140625,979.0999755859375,984.2999877929688,3843321
2024-12-11,985.5,999.9000244140625,981.25,984.8499755859375,4679888
2024-12-12,986.0,1005.5,986.0,997.9500122070312,5771673
2024-12-13,991.0,997.6500244140625,965.5499877929688,986.6500244140625,5674567
2024-12-16,987.9000244140625,1007.9500122070312,985.5499877929688,999.3499755859375,3058066
2024-12-17,1002.0,1002.0,972.0,975.6500244140625,3294161
2024-12-18,976.7999877929688,979.2999877929688,960.5,965.2000122070312,2958191
2024-12-19,959.0,966.8499755859375,948.0,964.4000244140625,3665813
2024-12-20,960.0,966.8499755859375,926.4500122070312,929.4500122070312,4466131
2024-12-23,938.9500122070312,948.7999877929688,930.0499877929688,945.7000122070312,2502370
2024-12-24,941.0,946.0,929.7999877929688,935.2999877929688,5603093
2024-12-26,940.0,945.0,928.25,931.9500122070312,5262262
2024-12-27,933.0499877929688,971.0999755859375,933.0499877929688,953.4000244140625,6300341
2024-12-30,953.2999877929688,973.5,948.8499755859375,963.5,8165774
2024-12-31,958.0,961.4500122070312,949.0499877929688,960.1500244140625,2295670
2025-01-01,958.5999755859375,979.2999877929688,953.5,969.4000244140625,4024591
2025-01-02,975.5,998.0,968.7999877929688,991.3499755859375,3956740
2025-01-03,993.0,1025.4000244140625,990.6500244140625,997.9000244140625,5896120
2025-01-06,1004.9500122070312,1004.9500122070312,963.2000122070312,970.0499877929688,3370654
2025-01-07,970.1500244140625,994.5499877929688,970.1500244140625,983.5999755859375,3581533
2025-01-08,985.9000244140625,986.0,967.0999755859375,981.0499877929688,3781895
2025-01-09,981.0499877929688,985.3499755859375,970.4000244140625,980.9000244140625,3134034
2025-01-10,971.75,975.0,933.0499877929688,937.5999755859375,5611356
2025-01-13,936.9000244140625,973.5,934.5,941.7000122070312,8752532
2025-01-14,945.0999755859375,979.2999877929688,945.0999755859375,962.0999755859375,5735697
2025-01-15,971.25,983.0,954.6500244140625,962.4500122070312,3633812
2025-01-16,967.0,990.6500244140625,967.0,975.3499755859375,3948431
2025-01-17,972.8499755859375,975.5999755859375,959.0,970.9500122070312,3066978
2025-01-20,966.2000122070312,980.4500122070312,948.0999755859375,970.7000122070312,4485164
2025-01-21,971.5499877929688,978.5,958.0,960.4500122070312,3369291
2025-01-22,964.4500122070312,977.5499877929688,949.1500244140625,970.9500122070312,2639472
2025-01-23,965.9500122070312,988.5499877929688,962.5,970.9500122070312,3359986
2025-01-24,970.8499755859375,973.0,948.25,950.7999877929688,2938649
2025-01-27,947.0,947.0,923.7000122070312,926.4500122070312,3907787
2025-01-28,937.3499755859375,948.9500122070312,925.7000122070312,934.1500244140625,5708478
2025-01-29,935.7000122070312,953.0,931.9500122070312,948.2999877929688,2571504
2025-01-30,948.2999877929688,967.4000244140625,946.0999755859375,957.0499877929688,4509409
2025-01-31,957.5499877929688,999.2999877929688,953.0999755859375,991.2000122070312,5365839
2025-02-01,977.0,1023.0,972.4000244140625,1009.4000244140625,6054296
2025-02-03,994.0,1023.9500122070312,990.0999755859375,1012.7000122070312,3655089
2025-02-04,1022.4500122070312,1053.9000244140625,1014.7000122070312,1047.1500244140625,9861468
2025-02-05,1052.4000244140625,1078.699951171875,1052.4000244140625,1061.199951171875,5000442
2025-02-06,1062.0999755859375,1076.75,1058.050048828125,1065.550048828125,3889634
2025-02-07,1061.5,1086.550048828125,1061.5,1079.0999755859375,3975043
2025-02-10,1076.0,1082.0,1062.699951171875,1068.0,4457091
2025-02-11,1063.5,1074.9000244140625,1047.6500244140625,1054.1500244140625,4109028
2025-02-12,1060.449951171875,1063.949951171875,1020.25,1039.6500244140625,4798340
2025-02-13,1039.5,1056.949951171875,1025.4000244140625,1047.25,4539780
2025-02-14,1049.5999755859375,1058.0999755859375,1018.2000122070312,1024.4000244140625,4036016
2025-02-17,1024.4000244140625,1050.949951171875,1013.0999755859375,1048.25,2795714
2025-02-18,1045.0,1051.5,1021.3499755859375,1024.0999755859375,2620716
2025-02-19,1024.0999755859375,1042.050048828125,1015.9000244140625,1035.800048828125,2464555
2025-02-20,1029.949951171875,1049.9000244140625,1025.5999755859375,1047.6500244140625,1819683
2025-02-21,1041.550048828125,1055.800048828125,1038.949951171875,1043.75,2589619
2025-02-24,1030.0999755859375,1038.75,1021.0999755859375,1029.1500244140625,3074297
2025-02-25,1028.199951171875,1041.699951171875,1026.3499755859375,1034.25,3628538
2025-02-27,1046.9000244140625,1063.300048828125,1040.699951171875,1046.699951171875,5951737
2025-02-28,1040.0,1040.6500244140625,970.0999755859375,990.0999755859375,55666745
2025-03-03,978.9500122070312,986.2999877929688,947.0,984.0,6158061
2025-03-04,978.0,1003.5999755859375,966.9500122070312,987.5999755859375,3271190
2025-03-05,984.25,995.25,970.6500244140625,971.8499755859375,3944062
2025-03-06,976.0,984.0999755859375,962.2000122070312,971.7000122070312,3928358
2025-03-07,971.0,976.5999755859375,932.2999877929688,936.75,7737031
2025-03-10,895.0,913.3499755859375,881.0999755859375,900.5,16014401
2025-03-11,810.4500122070312,810.4500122070312,649.0,655.9500122070312,101075220
2025-03-12,630.0,697.6500244140625,606.0,684.7000122070312,108682122
2025-03-13,690.0,706.9000244140625,667.6500244140625,672.3499755859375,31592987
2025-03-17,705.0,709.9000244140625,675.0,677.4000244140625,22353102
2025-03-18,677.4000244140625,677.4000244140625,677.4000244140625,677.4000244140625,0
2025-03-19,685.0,700.7999877929688,682.5499877929688,692.7000122070312,11120576
2025-03-20,697.5,701.0,681.0,684.0999755859375,8918567
2025-03-21,685.0,693.8499755859375,672.2999877929688,686.9000244140625,14265415
2025-03-24,692.0,693.75,665.1500244140625,669.4500122070312,14649992
2025-03-25,670.2000122070312,672.8499755859375,633.5999755859375,637.0499877929688,18615476
2025-03-26,637.4000244140625,662.5,637.4000244140625,655.2999877929688,23506399
2025-03-27,655.2999877929688,676.75,640.5,673.5499877929688,21589495
2025-03-28,672.0,673.9500122070312,643.5,649.8499755859375,8807815
2025-04-01,649.0,689.7999877929688,646.8499755859375,682.7000122070312,14019630
2025-04-02,682.7000122070312,708.4000244140625,675.0,702.4500122070312,14993840
2025-04-03,694.9500122070312,714.7000122070312,693.5,709.4000244140625,6972769
2025-04-04,701.0,704.9000244140625,675.6500244140625,682.0,9627949
2025-04-07,637.0,678.6500244140625,637.0,675.9000244140625,9382614
2025-04-08,684.9000244140625,695.9000244140625,673.0,679.6500244140625,5639989
2025-04-09,679.6500244140625,683.2999877929688,670.25,678.5499877929688,4243562
2025-04-11,684.9500122070312,694.0,675.5,689.5,5019467
2025-04-15,705.0,741.0,693.0499877929688,735.9000244140625,12452925
2025-04-16,747.0,794.4000244140625,733.0,788.25,31252589
2025-04-17,788.25,801.0,777.2999877929688,794.7000122070312,13986710
2025-04-21,802.0,841.9000244140625,798.3499755859375,828.2000122070312,15639685
2025-04-22,790.0,808.0,775.4000244140625,787.5,25698945
2025-04-23,797.4500122070312,805.0,782.0,794.2000122070312,10657940
2025-04-24,795.0,837.5,793.2999877929688,819.75,22577201
2025-04-25,822.0,829.0,807.3499755859375,822.3499755859375,11724192
2025-04-28,828.0,841.7999877929688,821.0499877929688,830.5499877929688,6929801
2025-04-29,841.9500122070312,852.0,828.5499877929688,836.9500122070312,8769289
2025-04-30,820.0,843.0999755859375,810.0499877929688,838.4000244140625,20241775
2025-05-02,835.0,863.5,833.0999755859375,856.4500122070312,7845964
2025-05-05,855.0,862.0,840.5499877929688,846.75,7875811
2025-05-06,846.75,851.25,821.9000244140625,831.7999877929688,10040705
2025-05-07,827.0,842.0,816.0999755859375,833.7999877929688,9432595
2025-05-08,835.0,844.25,816.0,826.7999877929688,13290700
2025-05-09,805.5,826.4500122070312,805.5,818.2000122070312,5074137
2025-05-12,835.0,838.0,786.0,788.5,14573162
2025-05-13,794.0,804.0,769.0499877929688,770.0999755859375,10848937
2025-05-14,775.0,786.4000244140625,764.5499877929688,781.3499755859375,9164606
2025-05-15,778.0,782.6500244140625,757.8499755859375,780.5,7350633
2025-05-16,750.0,785.5,750.0,780.2000122070312,27168178
2025-05-19,779.9000244140625,791.9500122070312,770.2999877929688,784.0499877929688,7193105
2025-05-20,785.0,799.7000122070312,780.0499877929688,782.25,6637953
2025-05-21,783.0,786.7000122070312,761.0,769.9500122070312,8134620
2025-05-22,750.0,796.7000122070312,725.7999877929688,785.0,43477564
2025-05-23,781.0999755859375,799.2000122070312,777.2999877929688,793.4000244140625,9260373
2025-05-26,793.3499755859375,802.0,790.75,800.0999755859375,5381797
2025-05-27,798.5999755859375,827.5999755859375,798.0,820.7000122070312,10346628
2025-05-28,820.5,820.7000122070312,802.9000244140625,805.1500244140625,5308859
2025-05-29,805.1500244140625,827.0,803.0499877929688,824.1500244140625,8791159
2025-05-30,821.0999755859375,823.8499755859375,811.0,816.9500122070312,5630146
2025-06-02,815.0,824.7999877929688,809.5499877929688,812.7000122070312,4094000
2025-06-03,818.4500122070312,818.4500122070312,798.1500244140625,800.8499755859375,3241313
2025-06-04,807.7999877929688,815.4500122070312,803.0,814.3499755859375,3877545
2025-06-05,817.0,818.5,800.2999877929688,803.2000122070312,3366237
2025-06-06,807.0,845.8499755859375,805.0,822.8499755859375,10916786
2025-06-09,831.25,840.0,821.5,836.6500244140625,6894267
2025-06-10,838.0,857.3499755859375,836.0,845.0499877929688,10162134
2025-06-11,845.25,851.4000244140625,834.4500122070312,836.2999877929688,2359273
2025-06-12,837.0,843.1500244140625,826.0,829.9000244140625,2742462
2025-06-13,819.0,826.7999877929688,813.0499877929688,816.8499755859375,3164561
2025-06-16,817.0499877929688,824.7999877929688,810.25,821.25,2286257
2025-06-17,820.0,820.9500122070312,806.0499877929688,809.1500244140625,2343961
2025-06-18,818.0499877929688,855.5,815.5499877929688,850.5,20826809
2025-06-19,847.0,849.5999755859375,835.4500122070312,837.5,4363823
2025-06-20,835.5,847.75,829.0,840.25,20961217
2025-06-23,835.2000122070312,845.0,826.5,839.9000244140625,3191499
2025-06-24,851.0,852.0,823.7999877929688,831.9500122070312,5482589
2025-06-25,834.0,838.7999877929688,828.0,829.7999877929688,4946637
2025-06-26,834.9000244140625,840.5,824.5,836.0999755859375,4451922
2025-06-27,836.0,881.0,831.5,857.7000122070312,12647856
2025-06-30,864.75,875.75,857.7000122070312,872.0999755859375,4353159
2025-07-01,870.0999755859375,892.7999877929688,866.0499877929688,879.0999755859375,5729474
2025-07-02,875.5,875.5,847.7000122070312,857.6500244140625,10183147
2025-07-03,849.0,866.0,845.5499877929688,862.4000244140625,3855070
2025-07-04,857.0999755859375,863.9000244140625,849.4000244140625,856.25,2658812
2025-07-07,847.0,866.9500122070312,845.2000122070312,854.4500122070312,3295065
2025-07-08,855.0,862.9000244140625,848.4500122070312,850.2999877929688,2344400
2025-07-09,851.75,854.9000244140625,839.5499877929688,840.75,2406142
2025-07-10,845.0,855.7000122070312,840.9500122070312,852.8499755859375,2560806
2025-07-11,852.0,867.7000122070312,849.5999755859375,858.8499755859375,3849544
2025-07-14,858.7999877929688,873.5,857.4500122070312,867.5999755859375,3605770
2025-07-15,871.0,886.75,869.6500244140625,881.0,3532750
2025-07-16,876.0,888.9500122070312,876.0,879.75,2863446
2025-07-17,879.75,890.9000244140625,862.75,865.0999755859375,4185118
2025-07-18,866.0,876.4500122070312,861.25,870.0499877929688,2622714
2025-07-21,870.0499877929688,870.0499877929688,830.5999755859375,858.7999877929688,6765856
2025-07-22,880.0,884.6500244140625,841.0999755859375,843.2000122070312,7686762
2025-07-23,849.0,854.0,841.7999877929688,851.1500244140625,2623940
2025-07-24,855.25,860.7999877929688,845.0,847.9000244140625,2006984
2025-07-25,846.4000244140625,848.4000244140625,821.4000244140625,823.7000122070312,2805230
2025-07-28,825.0,828.75,798.0,802.0499877929688,5922408
2025-07-29,800.0,818.8499755859375,790.0,808.2000122070312,16766666
2025-07-30,811.0,814.7999877929688,795.5499877929688,801.9000244140625,3218643
2025-07-31,795.5999755859375,806.0,789.0999755859375,798.9000244140625,4480429
2025-08-01,792.5,798.6500244140625,779.7000122070312,783.7000122070312,4739250
2025-08-04,783.0,805.5999755859375,781.0,804.0499877929688,2980888
2025-08-05,820.0,848.7000122070312,810.0499877929688,819.1500244140625,18982770
2025-08-06,822.0,822.0,795.4000244140625,803.3499755859375,5249912
2025-08-07,801.8499755859375,810.0,789.0999755859375,807.3499755859375,2553303
2025-08-08,806.5999755859375,808.5,779.0,782.4500122070312,2490574
2025-08-11,784.5,790.0999755859375,777.8499755859375,783.25,1629229
2025-08-12,784.0499877929688,791.3499755859375,780.7999877929688,783.0499877929688,1462522
2025-08-13,787.0,787.7999877929688,766.7000122070312,773.4500122070312,4114205
2025-08-14,773.4500122070312,779.7999877929688,765.7000122070312,769.75,1859573
2025-08-18,777.5,795.9000244140625,777.5,788.6500244140625,3029689
2025-08-19,787.25,790.7000122070312,780.8499755859375,785.5,2807872
2025-08-20,786.4500122070312,790.2000122070312,777.0,778.2000122070312,2332155
2025-08-21,781.0,781.8499755859375,766.5,767.4500122070312,3324022
2025-08-22,767.4500122070312,772.7000122070312,758.75,760.0999755859375,2483587
2025-08-25,767.9500122070312,775.0,761.5,770.8499755859375,2790762
2025-08-26,770.8499755859375,773.0,754.1500244140625,756.4000244140625,3306397
2025-08-28,756.4000244140625,762.4000244140625,744.8499755859375,746.5999755859375,3085661
2025-08-29,743.0,750.3499755859375,738.0,739.5,2538543
2025-09-01,742.4000244140625,754.0,741.5,752.8499755859375,1436082
2025-09-02,753.0,758.75,747.5,751.2000122070312,1330606
2025-09-03,750.0,769.0,749.2000122070312,768.0999755859375,1933362
2025-09-04,771.7999877929688,773.4000244140625,752.8499755859375,754.8499755859375,1401421
2025-09-05,756.3499755859375,759.5,750.0,757.0499877929688,2873689
2025-09-08,759.5,760.5,746.5,750.75,2330647
2025-09-09,753.6500244140625,755.0999755859375,745.0999755859375,746.1500244140625,1347461
2025-09-10,750.2000122070312,755.8499755859375,746.0999755859375,751.25,1350420
2025-09-11,751.5,754.2999877929688,747.5,748.5999755859375,975314
2025-09-12,753.0,754.3499755859375,739.25,740.5,1853165
2025-09-15,741.0,744.4000244140625,738.0999755859375,739.9000244140625,1499071
2025-09-16,740.7000122070312,748.9500122070312,734.5999755859375,742.25,2892657
2025-09-17,745.0,745.9000244140625,737.0499877929688,739.0499877929688,2280605
2025-09-18,742.4500122070312,743.0,732.5,735.4500122070312,2280312
2025-09-19,738.0,746.9500122070312,736.1500244140625,744.4000244140625,8190278
2025-09-22,744.4000244140625,748.2999877929688,733.4000244140625,734.2999877929688,1884250
2025-09-23,735.0,757.0,729.0499877929688,755.25,4501893
2025-09-24,755.25,758.9500122070312,738.9000244140625,740.75,2993982
2025-09-25,740.9500122070312,745.5999755859375,735.4000244140625,740.75,3037406
2025-09-26,742.0,742.6500244140625,710.5999755859375,712.75,5779485
2025-09-29,717.75,734.8499755859375,712.5499877929688,723.4000244140625,41100690
2025-09-30,730.0,737.7000122070312,722.5499877929688,735.5499877929688,3965781
2025-10-01,732.2000122070312,745.4500122070312,726.0,743.1500244140625,4127017
2025-10-03,743.2000122070312,758.9500122070312,741.75,747.4000244140625,4112610
2025-10-06,742.0,755.5999755859375,734.0999755859375,739.2999877929688,5118797
2025-10-07,742.9500122070312,752.4000244140625,740.4500122070312,749.0,4348518
2025-10-08,747.0499877929688,754.0999755859375,739.1500244140625,740.9500122070312,4238626
2025-10-09,744.0,753.2999877929688,743.0,749.1500244140625,3506978
2025-10-10,749.5999755859375,766.75,747.75,763.3499755859375,5386722
2025-10-13,758.0,767.9500122070312,757.0499877929688,759.9000244140625,2906803
2025-10-14,758.0,763.0499877929688,743.2999877929688,750.4000244140625,1833516
2025-10-15,752.3499755859375,753.0,733.2000122070312,740.0999755859375,2333738
2025-10-16,742.9000244140625,744.8499755859375,735.0,739.5,3056360
2025-10-17,740.0,761.0,734.5,751.0,4770012
2025-10-20,743.0,770.6500244140625,726.2999877929688,759.75,9184006
2025-10-21,761.9500122070312,762.9000244140625,756.0,758.4500122070312,350896
2025-10-23,759.0,766.0,751.7999877929688,759.5999755859375,5363491
2025-10-24,759.9500122070312,759.9500122070312,750.8499755859375,755.0499877929688,2001556
2025-10-27,755.7000122070312,772.0,753.1500244140625,770.0499877929688,3590863
2025-10-28,773.9000244140625,801.9500122070312,772.4500122070312,799.75,8948361
2025-10-29,804.0,810.0499877929688,793.7999877929688,807.4500122070312,4077629
2025-10-30,807.0,810.0,797.25,800.9500122070312,4103276
2025-10-31,800.9500122070312,806.5,792.0,794.7999877929688,3511425
2025-11-03,794.7999877929688,803.7000122070312,791.1500244140625,796.9000244140625,2640561
2025-11-04,797.0499877929688,799.25,785.0999755859375,790.2000122070312,3505823
2025-11-06,791.0,797.5,777.3499755859375,786.2000122070312,2640541
2025-11-07,782.1500244140625,801.9500122070312,779.0999755859375,797.25,2079256
2025-11-10,791.0,807.7999877929688,791.0,799.3499755859375,1894738
2025-11-11,799.7000122070312,828.2000122070312,792.7999877929688,826.0999755859375,7150449
2025-11-12,830.0499877929688,873.0,827.0,864.4000244140625,11714519
2025-11-13,862.0,892.3499755859375,859.0499877929688,863.4500122070312,9325204
2025-11-14,864.0,872.0,845.8499755859375,848.25,4460991
2025-11-17,852.0,861.75,838.5,854.0499877929688,4019335
2025-11-18,854.0499877929688,858.5,845.0499877929688,847.9500122070312,1958051
2025-11-19,850.0,850.2999877929688,836.2999877929688,839.5999755859375,2317710
2025-11-20,844.0,844.0,827.5,829.4000244140625,5136903
2025-11-21,832.2000122070312,856.7999877929688,830.5499877929688,846.5499877929688,7304707
2025-11-24,847.0999755859375,857.5,832.5499877929688,836.0499877929688,5082933
2025-11-25,836.0499877929688,844.9000244140625,829.0499877929688,839.9000244140625,3021941
2025-11-26,844.9000244140625,858.7000122070312,841.0,850.7000122070312,2939823
2025-11-27,853.0,863.75,846.5499877929688,857.4500122070312,3016014
2025-11-28,859.6500244140625,863.0,851.5,858.5499877929688,2901007
2025-12-01,860.0,862.4000244140625,842.6500244140625,847.1500244140625,3019328
2025-12-02,847.1500244140625,860.5,845.4000244140625,850.2999877929688,2674933
2025-12-03,854.0,856.2999877929688,841.3499755859375,846.9000244140625,2063761
2025-12-04,846.0,873.0,842.9000244140625,863.0,4259999
2025-12-05,863.6500244140625,874.4000244140625,856.0999755859375,870.0999755859375,3377823
2025-12-08,870.0999755859375,873.5999755859375,834.5,841.4000244140625,2015558
2025-12-09,841.4500122070312,848.7000122070312,832.1500244140625,844.3499755859375,3015385
2025-12-10,847.7999877929688,851.5999755859375,828.1500244140625,833.8499755859375,2623610
2025-12-11,834.4500122070312,842.7999877929688,827.5,835.5499877929688,2810755
2025-12-12,840.0499877929688,851.2000122070312,839.0,846.1500244140625,3492109
2025-12-15,845.9500122070312,853.5,835.4000244140625,851.25,2458486
2025-12-16,854.0,856.7999877929688,841.8499755859375,845.0499877929688,2811166
2025-12-17,838.2000122070312,846.0999755859375,827.7999877929688,833.8499755859375,3107473
2025-12-18,830.7999877929688,842.5,826.0,834.9000244140625,1537403
2025-12-19,834.9000244140625,847.9000244140625,831.0,844.7000122070312,7000947
2025-12-22,845.0,862.7999877929688,840.9000244140625,856.4000244140625,2387606
2025-12-23,856.4000244140625,859.7000122070312,846.2000122070312,849.9000244140625,1628642
2025-12-24,850.0,858.8499755859375,844.2000122070312,848.0499877929688,1947886
2025-12-26,841.0499877929688,858.9000244140625,837.0999755859375,849.8499755859375,4257972
2025-12-29,849.7999877929688,854.5499877929688,836.5999755859375,839.5999755859375,1907670
2025-12-30,839.5999755859375,844.0999755859375,833.25,841.5,4409838
2025-12-31,841.5,869.5999755859375,836.5499877929688,864.2000122070312,2887744
2026-01-01,865.4500122070312,891.5999755859375,863.5,890.2000122070312,4244931
2026-01-02,896.0,909.75,890.25,902.4500122070312,6250730
2026-01-05,905.0,910.0,892.5,899.9500122070312,2521435
2026-01-06,898.0,924.0,886.5,914.25,8308942
2026-01-07,914.5,924.7000122070312,892.8499755859375,897.8499755859375,2952528
2026-01-08,897.0,902.75,876.0999755859375,883.4500122070312,3567518
2026-01-09,878.0499877929688,892.0,878.0499877929688,882.25,2515780
2026-01-12,880.2000122070312,907.9500122070312,879.0999755859375,905.4500122070312,4015935
2026-01-13,909.0,913.7000122070312,897.5,910.5499877929688,3958844
2026-01-14,913.0,948.9000244140625,905.0,944.5,11559313
2026-01-15,944.5,944.5,944.5,944.5,0
2026-01-16,945.0,960.2000122070312,938.0499877929688,953.8499755859375,10345071
2026-01-19,947.9500122070312,961.9000244140625,941.4500122070312,949.7999877929688,5455304
2026-01-20,946.0,948.0,899.0499877929688,905.1500244140625,6701234
2026-01-21,908.0,919.1500244140625,891.4500122070312,907.1500244140625,3567143
2026-01-22,911.0,916.2000122070312,892.9000244140625,902.4500122070312,2338485
2026-01-23,900.0499877929688,914.5999755859375,888.25,892.4500122070312,5907525
2026-01-27,875.0,897.0,851.1500244140625,894.75,8419598
2026-01-28,898.75,903.0,877.6500244140625,901.7000122070312,2982683
2026-01-29,899.9000244140625,904.5,890.7000122070312,898.4000244140625,4382116
2026-01-30,892.0999755859375,902.75,888.2000122070312,896.0999755859375,2867342
2026-02-02,889.0,914.5,884.3499755859375,910.25,3762702
2026-02-03,951.2999877929688,959.5999755859375,916.3499755859375,922.4000244140625,9608114
2026-02-04,922.0,932.0,915.7999877929688,921.2999877929688,2883259
2026-02-05,918.0999755859375,922.1500244140625,902.2999877929688,914.4000244140625,2552518
2026-02-06,909.0999755859375,917.0499877929688,895.0,903.5999755859375,2711855
2026-02-09,910.0,936.9500122070312,900.3499755859375,927.9000244140625,6863941
2026-02-10,927.9000244140625,933.0,920.0,927.5999755859375,2768617
2026-02-11,927.9000244140625,928.2999877929688,915.0,925.0,2473671
2026-02-12,928.7000122070312,937.0,915.0,922.7000122070312,3082642
2026-02-13,922.0,929.9500122070312,903.3499755859375,926.0499877929688,2860622
2026-02-16,930.0,933.7000122070312,912.1500244140625,931.9000244140625,2098887
2026-02-17,931.9000244140625,952.2000122070312,928.2000122070312,943.7999877929688,6284594
2026-02-18,944.0,950.0,932.7999877929688,944.6500244140625,3474257
2026-02-19,944.5,944.5,923.2000122070312,927.3499755859375,2641817
2026-02-20,934.0,947.9000244140625,922.6500244140625,926.0499877929688,6462199
2026-02-23,926.0499877929688,934.6500244140625,911.9500122070312,919.75,4217172
2026-02-24,919.75,934.4000244140625,912.0,931.4000244140625,3079572
2026-02-25,934.0,941.8499755859375,932.0999755859375,937.3499755859375,1173030
2026-02-26,938.0,968.8499755859375,936.2999877929688,964.5999755859375,8974624
2026-02-27,963.0,968.0,951.2000122070312,956.75,3745120
2026-03-02,939.0,955.9500122070312,933.2000122070312,942.5,1568186
2026-03-04,930.0,942.9500122070312,916.7000122070312,927.5499877929688,2527046
2026-03-05,930.0499877929688,947.5499877929688,926.9500122070312,937.2000122070312,1949212
2026-03-06,935.0,942.9000244140625,912.0499877929688,917.8499755859375,1153433
2026-03-09,899.0,900.0,870.5499877929688,881.2000122070312,3362985
2026-03-10,892.0,904.0499877929688,885.0,898.7000122070312,4547967
2026-03-11,897.2000122070312,907.5,873.1500244140625,877.1500244140625,2754525
2026-03-12,870.0,870.5,828.0,831.3499755859375,7514347
2026-03-13,827.0,833.1500244140625,804.7999877929688,814.4000244140625,5606889
2026-03-16,814.5499877929688,830.0,806.2000122070312,825.0499877929688,3107008
2026-03-17,825.0,825.0,808.0,820.8499755859375,3713235
2026-03-18,819.5999755859375,847.9000244140625,815.5999755859375,842.1500244140625,4695600
2026-03-19,828.2000122070312,831.25,812.9500122070312,816.2999877929688,5080824
2026-03-20,822.0,837.0,813.0999755859375,818.5999755859375,7872290
2026-03-23,806.2999877929688,809.0,771.9000244140625,778.3499755859375,7448050
2026-03-24,789.8499755859375,802.1500244140625,771.7000122070312,797.25,6347812
2026-03-25,802.9500122070312,834.2999877929688,802.9500122070312,818.4000244140625,3095936
2026-03-27,809.0,816.2000122070312,785.2999877929688,792.5499877929688,6211886
2026-03-30,781.0,784.0,750.5,752.4500122070312,7093604
2026-04-01,765.9500122070312,793.6500244140625,765.9500122070312,785.6500244140625,4336917
2026-04-02,772.2000122070312,784.75,754.0,778.7000122070312,2481604
2026-04-06,774.5999755859375,788.2999877929688,756.4000244140625,786.2000122070312,2512596
2026-04-07,778.0,787.7999877929688,770.2999877929688,784.7999877929688,1165539
2026-04-08,812.0,840.8499755859375,810.0,835.9500122070312,3572416
2026-04-09,831.8499755859375,834.9000244140625,812.0,814.5499877929688,2531440
2026-04-10,818.5,835.4500122070312,817.7999877929688,830.9000244140625,1509168
2026-04-13,807.0999755859375,822.2000122070312,800.7000122070312,818.9000244140625,1555260
2026-04-15,832.0,850.0,828.1500244140625,840.0999755859375,3272348
2026-04-16,845.5,857.25,840.9000244140625,847.9000244140625,3785293
2026-04-17,849.0,857.4500122070312,838.5499877929688,853.9000244140625,1850548
2026-04-20,853.9000244140625,856.0,839.5,851.9500122070312,2453075
2026-04-21,857.7000122070312,865.8499755859375,854.8499755859375,856.4000244140625,975223
2026-04-22,851.0,873.0,851.0,870.0999755859375,2253573
2026-04-23,861.7000122070312,869.7000122070312,854.1500244140625,860.3499755859375,1561128
2026-04-24,868.0,868.0,839.0,847.9500122070312,1453183
2026-04-27,865.2000122070312,903.5,865.2000122070312,900.1500244140625,11254307
2026-04-28,890.1500244140625,895.7000122070312,882.4500122070312,885.5499877929688,5748485
2026-04-29,891.0,925.0,891.0,913.75,3485256
2026-04-30,906.0,920.0,895.25,916.0499877929688,3438569
2026-05-01,916.0499877929688,916.0499877929688,916.0499877929688,916.0499877929688,0
2026-05-04,925.25,942.4000244140625,911.0999755859375,913.9000244140625,1973688
2026-05-05,911.0999755859375,918.0999755859375,903.0,910.7000122070312,2006111
2026-05-06,920.4000244140625,949.75,917.9500122070312,946.75,2901974
2026-05-07,948.25,951.6500244140625,934.0999755859375,946.9500122070312,2007411
2026-05-08,946.0,957.9000244140625,940.5,950.75,1604266
2026-05-11,939.0,940.9000244140625,918.0999755859375,922.2999877929688,1584134
2026-05-12,920.0,922.2999877929688,890.0999755859375,892.8499755859375,1374763
2026-05-13,891.0,906.7999877929688,890.2999877929688,892.5,1428120
2026-05-14,895.0,914.5,886.2000122070312,907.9000244140625,1862991
2026-05-15,910.0,910.0,881.9500122070312,886.4000244140625,1437283
2026-05-18,885.75,895.9000244140625,870.2000122070312,892.1500244140625,1421988
2026-05-19,898.5,904.0999755859375,888.7999877929688,895.25,1303728
2026-05-20,885.5499877929688,900.7999877929688,881.1500244140625,897.1500244140625,2947978
2026-05-21,905.5,913.9000244140625,892.2999877929688,899.9500122070312,2144884
2026-05-22,903.0,914.5,902.7000122070312,910.1500244140625,1165558
2026-05-25,920.1500244140625,933.5,920.1500244140625,926.0999755859375,1193834
2026-05-26,926.2000122070312,935.0,921.0,932.2999877929688,2323571
2026-05-27,930.5,939.7999877929688,928.0,932.2999877929688,1088920
2026-05-28,932.2999877929688,932.2999877929688,932.2999877929688,932.2999877929688,0
2026-05-29,930.5999755859375,940.2000122070312,910.3499755859375,914.3499755859375,3160610
2026-06-01,917.75,925.9000244140625,896.7999877929688,901.1500244140625,1597794
2026-06-02,893.2999877929688,915.7999877929688,890.4500122070312,912.5,1756559
2026-06-03,907.0999755859375,907.9000244140625,884.0499877929688,899.9500122070312,2302274
2026-06-04,903.7000122070312,907.0999755859375,895.5,903.2000122070312,1798199
2026-06-05,899.0,925.7999877929688,896.0999755859375,904.7999877929688,1890312
2026-06-08,881.0,903.7000122070312,881.0,895.0499877929688,1864831
2026-06-09,896.0499877929688,928.0,896.0499877929688,922.7999877929688,1694676
2026-06-10,922.8499755859375,923.75,881.8499755859375,883.9500122070312,1993081
2026-06-11,883.8499755859375,897.5999755859375,881.75,888.9500122070312,1768283
2026-06-12,901.4500122070312,919.7000122070312,889.9500122070312,917.3499755859375,2663666
2026-06-15,926.0,953.5,923.0999755859375,933.2000122070312,3037001
2026-06-16,933.0,936.0499877929688,922.0,926.0,1602315
2026-06-17,926.0,938.4000244140625,920.2000122070312,936.2000122070312,1193109
2026-06-18,937.0,941.5,932.25,938.75,1007080
2026-06-19,938.5,950.5499877929688,931.2000122070312,947.4500122070312,6521623
2026-06-22,947.0,947.0,913.9000244140625,921.0499877929688,3031578
2026-06-23,923.0,924.0,902.7999877929688,905.4500122070312,1163601
2026-06-24,904.0499877929688,933.9000244140625,900.1500244140625,927.5999755859375,1793188
2026-06-25,933.0,936.9000244140625,915.5,918.9500122070312,1469160
2026-06-26,918.9500122070312,918.9500122070312,918.9500122070312,918.9500122070312,0
2026-06-29,918.9500122070312,921.6500244140625,908.0999755859375,915.4000244140625,3346498
2026-06-30,916.4500122070312,933.0999755859375,916.4500122070312,924.2000122070312,2515841
2026-07-01,927.0499877929688,949.5499877929688,927.0499877929688,941.5999755859375,2290915
2026-07-02,941.5999755859375,944.9000244140625,931.5999755859375,943.5,1177319
2026-07-03,948.0,978.4000244140625,942.0999755859375,974.3499755859375,3819865
2026-07-06,968.0,1012.2999877929688,960.0,1009.7999877929688,4977371
2026-07-07,1009.7000122070312,1038.0,1004.2999877929688,1022.25,5804915
2026-07-08,1015.9000244140625,1031.300048828125,989.7999877929688,994.6500244140625,3903183
2026-07-09,995.9000244140625,1022.3499755859375,995.9000244140625,1015.1500244140625,1952468
2026-07-10,1019.7000122070312,1031.6500244140625,1013.7000122070312,1015.7999877929688,1084109
2026-07-13,1010.0,1018.2000122070312,1000.5499877929688,1012.9000244140625,862018
2026-07-14,1008.9000244140625,1009.0,994.0999755859375,997.3499755859375,767488
2026-07-15,998.4000244140625,1022.8499755859375,992.0,1009.7000122070312,1491258
2026-07-16,1018.0,1019.0,1005.5499877929688,1013.5,695548
2026-07-17,1013.7999877929688,1031.199951171875,1010.0,1027.199951171875,2257757
2026-07-20,1029.0,1034.6500244140625,1017.1500244140625,1032.8499755859375,1686017
2026-07-21,1037.800048828125,1068.800048828125,1031.449951171875,1063.449951171875,5124543
2026-07-22,1058.0,1077.8499755859375,1055.6500244140625,1069.300048828125,5069159
2026-07-23,1036.5999755859375,1042.199951171875,998.1500244140625,1005.5,7505583
2026-07-24,1000.0,1003.4500122070312,984.0499877929688,996.0499877929688,1995292
2026-07-27,1003.0,1015.5999755859375,1000.0999755859375,1006.6500244140625,1979222
2026-07-28,1001.0,1006.0,989.2000122070312,991.9500122070312,1643112
2026-07-29,995.0499877929688,1015.0,993.5499877929688,1012.2999877929688,1232625
2026-07-30,1012.2999877929688,1013.5999755859375,999.0,1011.4500122070312,1237239
2026-07-31,1011.4500122070312,1017.9000244140625,996.4000244140625,1012.4500122070312,2922821
2026-08-03,1019.0,1028.9000244140625,1013.2999877929688,1028.9000244140625,887652
2026-08-04,1028.9000244140625,1028.9000244140625,1014.5999755859375,1026.0,720413
2026-08-05,1025.0,1038.0,1013.0999755859375,1019.0,1367377
2026-08-06,1016.0,1033.9000244140625,1011.0,1016.2000122070312,769423
2026-08-07,1010.2999877929688,1024.9000244140625,1004.4000244140625,1022.0,1727371
2026-08-10,1022.0,1028.0,1012.0,1027.300048828125,1042293
2026-08-11,1023.0,1024.0,1005.0,1008.9000244140625,1400560
2026-08-12,1009.0,1022.7000122070312,1006.5,1017.5,915131
2026-08-13,1015.0,1024.699951171875,1009.0,1024.699951171875,674807
2026-08-14,1022.5,1026.5999755859375,1014.2000122070312,1020.7999877929688,1034094
2026-08-17,1020.0,1020.0,1002.5,1010.5999755859375,1108193
2026-08-18,1007.0,1019.5,1007.0,1015.0,539358
2026-08-19,1011.9000244140625,1016.7000122070312,1007.5999755859375,1016.7000122070312,433216
2026-08-20,1013.0,1014.5,1002.0,1008.0,858064
2026-08-21,1007.7999877929688,1007.7999877929688,997.0,1005.5999755859375,1043385
2026-08-24,1005.0999755859375,1018.4000244140625,1004.5,1018.4000244140625,948101
2026-08-25,1014.9000244140625,1022.0,1003.5999755859375,1015.0,1427222
2026-08-26,1010.5,1018.5999755859375,989.4000244140625,1004.0,1098699
2026-08-27,1004.0,1005.2999877929688,995.0,999.5999755859375,424120
